id,seed,type,path,file,step_start,step_end,event,n_maps,action,q_value,q_llm
000469,20,off_track,20/off_track/off_track_step_0000_reach_goal.txt,off_track_step_0000_reach_goal.txt,0,0,reach_goal,3,left,0.932065,0.9
000469,20,off_track,20/off_track/off_track_step_0000_reach_goal.txt,off_track_step_0000_reach_goal.txt,0,0,reach_goal,3,right,0.95099,0.94
000469,20,off_track,20/off_track/off_track_step_0000_reach_goal.txt,off_track_step_0000_reach_goal.txt,0,0,reach_goal,3,forward,0.94148,0.85
000469,20,off_track,20/off_track/off_track_step_0000_reach_goal.txt,off_track_step_0000_reach_goal.txt,0,0,reach_goal,3,pickup,0.94148,0.8
000469,20,off_track,20/off_track/off_track_step_0000_reach_goal.txt,off_track_step_0000_reach_goal.txt,0,0,reach_goal,3,toggle,0.94148,0.8
000835,87,intermediate,87/intermediate_step_0047_0049_open_door.txt,intermediate_step_0047_0049_open_door.txt,47,49,open_door,3,left,0.895338,0.8
000835,87,intermediate,87/intermediate_step_0047_0049_open_door.txt,intermediate_step_0047_0049_open_door.txt,47,49,open_door,3,right,0.913517,0.9
000835,87,intermediate,87/intermediate_step_0047_0049_open_door.txt,intermediate_step_0047_0049_open_door.txt,47,49,open_door,3,forward,0.877521,0.78
000835,87,intermediate,87/intermediate_step_0047_0049_open_door.txt,intermediate_step_0047_0049_open_door.txt,47,49,open_door,3,pickup,0.904382,0.78
000835,87,intermediate,87/intermediate_step_0047_0049_open_door.txt,intermediate_step_0047_0049_open_door.txt,47,49,open_door,3,toggle,0.904382,0.78
000793,458,off_track,458/off_track/off_track_step_0000_find_key.txt,off_track_step_0000_find_key.txt,0,0,find_key,3,left,0.913517,0.85
000793,458,off_track,458/off_track/off_track_step_0000_find_key.txt,off_track_step_0000_find_key.txt,0,0,find_key,3,right,0.922745,0.88
000793,458,off_track,458/off_track/off_track_step_0000_find_key.txt,off_track_step_0000_find_key.txt,0,0,find_key,3,forward,0.913517,0.8
000793,458,off_track,458/off_track/off_track_step_0000_find_key.txt,off_track_step_0000_find_key.txt,0,0,find_key,3,pickup,0.913517,0.8
000793,458,off_track,458/off_track/off_track_step_0000_find_key.txt,off_track_step_0000_find_key.txt,0,0,find_key,3,toggle,0.913517,0.8
001549,805,transition,805/transition_step_0080_0082_reach_goal.txt,transition_step_0080_0082_reach_goal.txt,80,82,reach_goal,3,left,0.9801,0.85
001549,805,transition,805/transition_step_0080_0082_reach_goal.txt,transition_step_0080_0082_reach_goal.txt,80,82,reach_goal,3,right,0.9801,0.85
001549,805,transition,805/transition_step_0080_0082_reach_goal.txt,transition_step_0080_0082_reach_goal.txt,80,82,reach_goal,3,forward,1.0,1.0
001549,805,transition,805/transition_step_0080_0082_reach_goal.txt,transition_step_0080_0082_reach_goal.txt,80,82,reach_goal,3,pickup,0.99,0.85
001549,805,transition,805/transition_step_0080_0082_reach_goal.txt,transition_step_0080_0082_reach_goal.txt,80,82,reach_goal,3,toggle,0.99,0.85
001405,491,transition,491/transition_step_0026_0028_find_key.txt,transition_step_0026_0028_find_key.txt,26,28,find_key,3,left,0.886385,0.75
001405,491,transition,491/transition_step_0026_0028_find_key.txt,transition_step_0026_0028_find_key.txt,26,28,find_key,3,right,0.886385,0.7
001405,491,transition,491/transition_step_0026_0028_find_key.txt,transition_step_0026_0028_find_key.txt,26,28,find_key,3,forward,0.895338,0.8
001405,491,transition,491/transition_step_0026_0028_find_key.txt,transition_step_0026_0028_find_key.txt,26,28,find_key,3,pickup,0.904382,0.92
001405,491,transition,491/transition_step_0026_0028_find_key.txt,transition_step_0026_0028_find_key.txt,26,28,find_key,3,toggle,0.895338,0.7
000775,458,intermediate,458/intermediate_step_0016_0018_open_door.txt,intermediate_step_0016_0018_open_door.txt,16,18,open_door,3,left,0.922745,0.9
000775,458,intermediate,458/intermediate_step_0016_0018_open_door.txt,intermediate_step_0016_0018_open_door.txt,16,18,open_door,3,right,0.904382,0.2
000775,458,intermediate,458/intermediate_step_0016_0018_open_door.txt,intermediate_step_0016_0018_open_door.txt,16,18,open_door,3,forward,0.886385,0.5
000775,458,intermediate,458/intermediate_step_0016_0018_open_door.txt,intermediate_step_0016_0018_open_door.txt,16,18,open_door,3,pickup,0.913517,0.1
000775,458,intermediate,458/intermediate_step_0016_0018_open_door.txt,intermediate_step_0016_0018_open_door.txt,16,18,open_door,3,toggle,0.913517,0.3
001501,413,off_track,413/off_track/off_track_step_0000_find_key.txt,off_track_step_0000_find_key.txt,0,0,find_key,3,left,0.886385,0.5
001501,413,off_track,413/off_track/off_track_step_0000_find_key.txt,off_track_step_0000_find_key.txt,0,0,find_key,3,right,0.886385,0.1
001501,413,off_track,413/off_track/off_track_step_0000_find_key.txt,off_track_step_0000_find_key.txt,0,0,find_key,3,forward,0.868746,0.85
001501,413,off_track,413/off_track/off_track_step_0000_find_key.txt,off_track_step_0000_find_key.txt,0,0,find_key,3,pickup,0.877521,0.05
001501,413,off_track,413/off_track/off_track_step_0000_find_key.txt,off_track_step_0000_find_key.txt,0,0,find_key,3,toggle,0.877521,0.1
000373,700,transition,700/transition_step_0026_0028_open_door.txt,transition_step_0026_0028_open_door.txt,26,28,open_door,3,left,0.895338,0.1
000373,700,transition,700/transition_step_0026_0028_open_door.txt,transition_step_0026_0028_open_door.txt,26,28,open_door,3,right,0.895338,0.88
000373,700,transition,700/transition_step_0026_0028_open_door.txt,transition_step_0026_0028_open_door.txt,26,28,open_door,3,forward,0.904382,0.4
000373,700,transition,700/transition_step_0026_0028_open_door.txt,transition_step_0026_0028_open_door.txt,26,28,open_door,3,pickup,0.904382,0.05
000373,700,transition,700/transition_step_0026_0028_open_door.txt,transition_step_0026_0028_open_door.txt,26,28,open_door,3,toggle,0.913517,0.3
000283,106,off_track,106/off_track/off_track_step_0000_open_door.txt,off_track_step_0000_open_door.txt,0,0,open_door,3,left,0.932065,0.2
000283,106,off_track,106/off_track/off_track_step_0000_open_door.txt,off_track_step_0000_open_door.txt,0,0,open_door,3,right,0.922745,0.2
000283,106,off_track,106/off_track/off_track_step_0000_open_door.txt,off_track_step_0000_open_door.txt,0,0,open_door,3,forward,0.922745,0.7
000283,106,off_track,106/off_track/off_track_step_0000_open_door.txt,off_track_step_0000_open_door.txt,0,0,open_door,3,pickup,0.922745,0.05
000283,106,off_track,106/off_track/off_track_step_0000_open_door.txt,off_track_step_0000_open_door.txt,0,0,open_door,3,toggle,0.922745,0.1
000241,106,transition,106/transition_step_0004_0006_find_key.txt,transition_step_0004_0006_find_key.txt,4,6,find_key,3,left,0.868746,0.15
000241,106,transition,106/transition_step_0004_0006_find_key.txt,transition_step_0004_0006_find_key.txt,4,6,find_key,3,right,0.868746,0.92
000241,106,transition,106/transition_step_0004_0006_find_key.txt,transition_step_0004_0006_find_key.txt,4,6,find_key,3,forward,0.877521,0.05
000241,106,transition,106/transition_step_0004_0006_find_key.txt,transition_step_0004_0006_find_key.txt,4,6,find_key,3,pickup,0.886385,0.05
000241,106,transition,106/transition_step_0004_0006_find_key.txt,transition_step_0004_0006_find_key.txt,4,6,find_key,3,toggle,0.877521,0.1
000709,330,transition,330/transition_step_0011_0013_open_door.txt,transition_step_0011_0013_open_door.txt,11,13,open_door,3,left,0.913517,0.2
000709,330,transition,330/transition_step_0011_0013_open_door.txt,transition_step_0011_0013_open_door.txt,11,13,open_door,3,right,0.913517,0.2
000709,330,transition,330/transition_step_0011_0013_open_door.txt,transition_step_0011_0013_open_door.txt,11,13,open_door,3,forward,0.922745,0.9
000709,330,transition,330/transition_step_0011_0013_open_door.txt,transition_step_0011_0013_open_door.txt,11,13,open_door,3,pickup,0.922745,0.0
000709,330,transition,330/transition_step_0011_0013_open_door.txt,transition_step_0011_0013_open_door.txt,11,13,open_door,3,toggle,0.932065,0.7
000769,458,transition,458/transition_step_0019_0021_open_door.txt,transition_step_0019_0021_open_door.txt,19,21,open_door,3,left,0.913517,0.1
000769,458,transition,458/transition_step_0019_0021_open_door.txt,transition_step_0019_0021_open_door.txt,19,21,open_door,3,right,0.913517,0.85
000769,458,transition,458/transition_step_0019_0021_open_door.txt,transition_step_0019_0021_open_door.txt,19,21,open_door,3,forward,0.922745,0.2
000769,458,transition,458/transition_step_0019_0021_open_door.txt,transition_step_0019_0021_open_door.txt,19,21,open_door,3,pickup,0.922745,0.0
000769,458,transition,458/transition_step_0019_0021_open_door.txt,transition_step_0019_0021_open_door.txt,19,21,open_door,3,toggle,0.932065,0.6
000445,20,transition,20/transition_step_0275_0277_reach_goal.txt,transition_step_0275_0277_reach_goal.txt,275,277,reach_goal,3,left,0.9801,0.4
000445,20,transition,20/transition_step_0275_0277_reach_goal.txt,transition_step_0275_0277_reach_goal.txt,275,277,reach_goal,3,right,0.9801,0.4
000445,20,transition,20/transition_step_0275_0277_reach_goal.txt,transition_step_0275_0277_reach_goal.txt,275,277,reach_goal,3,forward,1.0,1.0
000445,20,transition,20/transition_step_0275_0277_reach_goal.txt,transition_step_0275_0277_reach_goal.txt,275,277,reach_goal,3,pickup,0.99,0.0
000445,20,transition,20/transition_step_0275_0277_reach_goal.txt,transition_step_0275_0277_reach_goal.txt,275,277,reach_goal,3,toggle,0.99,0.2
001033,871,off_track,871/off_track/off_track_step_0000_open_door.txt,off_track_step_0000_open_door.txt,0,0,open_door,3,left,0.913517,0.1
001033,871,off_track,871/off_track/off_track_step_0000_open_door.txt,off_track_step_0000_open_door.txt,0,0,open_door,3,right,0.922745,0.6
001033,871,off_track,871/off_track/off_track_step_0000_open_door.txt,off_track_step_0000_open_door.txt,0,0,open_door,3,forward,0.913517,0.1
001033,871,off_track,871/off_track/off_track_step_0000_open_door.txt,off_track_step_0000_open_door.txt,0,0,open_door,3,pickup,0.913517,0.0
001033,871,off_track,871/off_track/off_track_step_0000_open_door.txt,off_track_step_0000_open_door.txt,0,0,open_door,3,toggle,0.913517,0.3
001615,385,intermediate,385/intermediate_step_0181_0183_reach_goal.txt,intermediate_step_0181_0183_reach_goal.txt,181,183,reach_goal,3,left,0.95099,0.1
001615,385,intermediate,385/intermediate_step_0181_0183_reach_goal.txt,intermediate_step_0181_0183_reach_goal.txt,181,183,reach_goal,3,right,0.95099,0.8
001615,385,intermediate,385/intermediate_step_0181_0183_reach_goal.txt,intermediate_step_0181_0183_reach_goal.txt,181,183,reach_goal,3,forward,0.970299,0.3
001615,385,intermediate,385/intermediate_step_0181_0183_reach_goal.txt,intermediate_step_0181_0183_reach_goal.txt,181,183,reach_goal,3,pickup,0.960596,0.0
001615,385,intermediate,385/intermediate_step_0181_0183_reach_goal.txt,intermediate_step_0181_0183_reach_goal.txt,181,183,reach_goal,3,toggle,0.960596,0.0
001423,491,intermediate,491/intermediate_step_0056_0058_open_door.txt,intermediate_step_0056_0058_open_door.txt,56,58,open_door,3,left,0.922745,0.9
001423,491,intermediate,491/intermediate_step_0056_0058_open_door.txt,intermediate_step_0056_0058_open_door.txt,56,58,open_door,3,right,0.904382,0.3
001423,491,intermediate,491/intermediate_step_0056_0058_open_door.txt,intermediate_step_0056_0058_open_door.txt,56,58,open_door,3,forward,0.886385,0.7
001423,491,intermediate,491/intermediate_step_0056_0058_open_door.txt,intermediate_step_0056_0058_open_door.txt,56,58,open_door,3,pickup,0.913517,0.0
001423,491,intermediate,491/intermediate_step_0056_0058_open_door.txt,intermediate_step_0056_0058_open_door.txt,56,58,open_door,3,toggle,0.913517,0.2
001633,385,off_track,385/off_track/off_track_step_0000_reach_goal.txt,off_track_step_0000_reach_goal.txt,0,0,reach_goal,3,left,0.904382,0.85
001633,385,off_track,385/off_track/off_track_step_0000_reach_goal.txt,off_track_step_0000_reach_goal.txt,0,0,reach_goal,3,right,0.922745,0.3
001633,385,off_track,385/off_track/off_track_step_0000_reach_goal.txt,off_track_step_0000_reach_goal.txt,0,0,reach_goal,3,forward,0.922745,0.2
001633,385,off_track,385/off_track/off_track_step_0000_reach_goal.txt,off_track_step_0000_reach_goal.txt,0,0,reach_goal,3,pickup,0.913517,0.0
001633,385,off_track,385/off_track/off_track_step_0000_reach_goal.txt,off_track_step_0000_reach_goal.txt,0,0,reach_goal,3,toggle,0.913517,0.0
000475,614,worst,614/worst_step_0000_find_key.txt,worst_step_0000_find_key.txt,0,0,find_key,1,left,0.842943,0.6
000475,614,worst,614/worst_step_0000_find_key.txt,worst_step_0000_find_key.txt,0,0,find_key,1,right,0.842943,0.4
000475,614,worst,614/worst_step_0000_find_key.txt,worst_step_0000_find_key.txt,0,0,find_key,1,forward,0.860058,0.1
000475,614,worst,614/worst_step_0000_find_key.txt,worst_step_0000_find_key.txt,0,0,find_key,1,pickup,0.851458,0.0
000475,614,worst,614/worst_step_0000_find_key.txt,worst_step_0000_find_key.txt,0,0,find_key,1,toggle,0.851458,0.0
000439,20,intermediate,20/intermediate_step_0268_0270_open_door.txt,intermediate_step_0268_0270_open_door.txt,268,270,open_door,3,left,0.95099,0.9
000439,20,intermediate,20/intermediate_step_0268_0270_open_door.txt,intermediate_step_0268_0270_open_door.txt,268,270,open_door,3,right,0.932065,0.3
000439,20,intermediate,20/intermediate_step_0268_0270_open_door.txt,intermediate_step_0268_0270_open_door.txt,268,270,open_door,3,forward,0.913517,0.7
000439,20,intermediate,20/intermediate_step_0268_0270_open_door.txt,intermediate_step_0268_0270_open_door.txt,268,270,open_door,3,pickup,0.94148,0.0
000439,20,intermediate,20/intermediate_step_0268_0270_open_door.txt,intermediate_step_0268_0270_open_door.txt,268,270,open_door,3,toggle,0.94148,0.2
001531,805,intermediate,805/intermediate_step_0047_0049_find_key.txt,intermediate_step_0047_0049_find_key.txt,47,49,find_key,3,left,0.877521,0.85
001531,805,intermediate,805/intermediate_step_0047_0049_find_key.txt,intermediate_step_0047_0049_find_key.txt,47,49,find_key,3,right,0.860058,0.3
001531,805,intermediate,805/intermediate_step_0047_0049_find_key.txt,intermediate_step_0047_0049_find_key.txt,47,49,find_key,3,forward,0.842943,0.2
001531,805,intermediate,805/intermediate_step_0047_0049_find_key.txt,intermediate_step_0047_0049_find_key.txt,47,49,find_key,3,pickup,0.868746,0.0
001531,805,intermediate,805/intermediate_step_0047_0049_find_key.txt,intermediate_step_0047_0049_find_key.txt,47,49,find_key,3,toggle,0.868746,0.0
000871,372,worst,372/worst_step_0000_find_key.txt,worst_step_0000_find_key.txt,0,0,find_key,1,left,0.868746,0.0
000871,372,worst,372/worst_step_0000_find_key.txt,worst_step_0000_find_key.txt,0,0,find_key,1,right,0.868746,0.0
000871,372,worst,372/worst_step_0000_find_key.txt,worst_step_0000_find_key.txt,0,0,find_key,1,forward,0.851458,0.0
000871,372,worst,372/worst_step_0000_find_key.txt,worst_step_0000_find_key.txt,0,0,find_key,1,pickup,0.860058,0.0
000871,372,worst,372/worst_step_0000_find_key.txt,worst_step_0000_find_key.txt,0,0,find_key,1,toggle,0.860058,0.0
001459,413,worst,413/worst_step_0000_find_key.txt,worst_step_0000_find_key.txt,0,0,find_key,1,left,0.842943,0.0
001459,413,worst,413/worst_step_0000_find_key.txt,worst_step_0000_find_key.txt,0,0,find_key,1,right,0.842943,0.0
001459,413,worst,413/worst_step_0000_find_key.txt,worst_step_0000_find_key.txt,0,0,find_key,1,forward,0.860058,0.0
001459,413,worst,413/worst_step_0000_find_key.txt,worst_step_0000_find_key.txt,0,0,find_key,1,pickup,0.851458,0.0
001459,413,worst,413/worst_step_0000_find_key.txt,worst_step_0000_find_key.txt,0,0,find_key,1,toggle,0.851458,0.0
001369,343,transition,343/transition_step_0207_0209_reach_goal.txt,transition_step_0207_0209_reach_goal.txt,207,209,reach_goal,3,left,0.9801,0.0
001369,343,transition,343/transition_step_0207_0209_reach_goal.txt,transition_step_0207_0209_reach_goal.txt,207,209,reach_goal,3,right,0.9801,0.0
001369,343,transition,343/transition_step_0207_0209_reach_goal.txt,transition_step_0207_0209_reach_goal.txt,207,209,reach_goal,3,forward,1.0,1.0
001369,343,transition,343/transition_step_0207_0209_reach_goal.txt,transition_step_0207_0209_reach_goal.txt,207,209,reach_goal,3,pickup,0.99,0.0
001369,343,transition,343/transition_step_0207_0209_reach_goal.txt,transition_step_0207_0209_reach_goal.txt,207,209,reach_goal,3,toggle,0.99,0.0
000187,270,transition,270/transition_step_0000_0000_find_key.txt,transition_step_0000_0000_find_key.txt,0,0,find_key,1,left,0.886385,0.0
000187,270,transition,270/transition_step_0000_0000_find_key.txt,transition_step_0000_0000_find_key.txt,0,0,find_key,1,right,0.886385,0.0
000187,270,transition,270/transition_step_0000_0000_find_key.txt,transition_step_0000_0000_find_key.txt,0,0,find_key,1,forward,0.895338,0.0
000187,270,transition,270/transition_step_0000_0000_find_key.txt,transition_step_0000_0000_find_key.txt,0,0,find_key,1,pickup,0.904382,0.0
000187,270,transition,270/transition_step_0000_0000_find_key.txt,transition_step_0000_0000_find_key.txt,0,0,find_key,1,toggle,0.895338,0.0
000265,106,transition,106/transition_step_0018_0020_reach_goal.txt,transition_step_0018_0020_reach_goal.txt,18,20,reach_goal,3,left,0.9801,0.0
000265,106,transition,106/transition_step_0018_0020_reach_goal.txt,transition_step_0018_0020_reach_goal.txt,18,20,reach_goal,3,right,0.9801,0.0
000265,106,transition,106/transition_step_0018_0020_reach_goal.txt,transition_step_0018_0020_reach_goal.txt,18,20,reach_goal,3,forward,1.0,1.0
000265,106,transition,106/transition_step_0018_0020_reach_goal.txt,transition_step_0018_0020_reach_goal.txt,18,20,reach_goal,3,pickup,0.99,0.0
000265,106,transition,106/transition_step_0018_0020_reach_goal.txt,transition_step_0018_0020_reach_goal.txt,18,20,reach_goal,3,toggle,0.99,0.0
000001,102,worst,102/worst_step_0000_find_key.txt,worst_step_0000_find_key.txt,0,0,find_key,1,left,0.793614,0.05
000001,102,worst,102/worst_step_0000_find_key.txt,worst_step_0000_find_key.txt,0,0,find_key,1,right,0.809728,0.9
000001,102,worst,102/worst_step_0000_find_key.txt,worst_step_0000_find_key.txt,0,0,find_key,1,forward,0.801631,0.1
000001,102,worst,102/worst_step_0000_find_key.txt,worst_step_0000_find_key.txt,0,0,find_key,1,pickup,0.801631,0.0
000001,102,worst,102/worst_step_0000_find_key.txt,worst_step_0000_find_key.txt,0,0,find_key,1,toggle,0.801631,0.0
000853,87,off_track,87/off_track/off_track_step_0000_find_key.txt,off_track_step_0000_find_key.txt,0,0,find_key,3,left,0.94148,0.85
000853,87,off_track,87/off_track/off_track_step_0000_find_key.txt,off_track_step_0000_find_key.txt,0,0,find_key,3,right,0.932065,0.1
000853,87,off_track,87/off_track/off_track_step_0000_find_key.txt,off_track_step_0000_find_key.txt,0,0,find_key,3,forward,0.95099,0.05
000853,87,off_track,87/off_track/off_track_step_0000_find_key.txt,off_track_step_0000_find_key.txt,0,0,find_key,3,pickup,0.94148,0.0
000853,87,off_track,87/off_track/off_track_step_0000_find_key.txt,off_track_step_0000_find_key.txt,0,0,find_key,3,toggle,0.94148,0.0
000625,466,intermediate,466/intermediate_step_0108_0110_reach_goal.txt,intermediate_step_0108_0110_reach_goal.txt,108,110,reach_goal,3,left,0.960596,0.2
000625,466,intermediate,466/intermediate_step_0108_0110_reach_goal.txt,intermediate_step_0108_0110_reach_goal.txt,108,110,reach_goal,3,right,0.960596,0.2
000625,466,intermediate,466/intermediate_step_0108_0110_reach_goal.txt,intermediate_step_0108_0110_reach_goal.txt,108,110,reach_goal,3,forward,0.9801,1.0
000625,466,intermediate,466/intermediate_step_0108_0110_reach_goal.txt,intermediate_step_0108_0110_reach_goal.txt,108,110,reach_goal,3,pickup,0.970299,0.0
000625,466,intermediate,466/intermediate_step_0108_0110_reach_goal.txt,intermediate_step_0108_0110_reach_goal.txt,108,110,reach_goal,3,toggle,0.970299,0.0
001471,413,intermediate,413/intermediate_step_0000_0000_find_key.txt,intermediate_step_0000_0000_find_key.txt,0,0,find_key,1,left,0.842943,0.4
001471,413,intermediate,413/intermediate_step_0000_0000_find_key.txt,intermediate_step_0000_0000_find_key.txt,0,0,find_key,1,right,0.842943,0.1
001471,413,intermediate,413/intermediate_step_0000_0000_find_key.txt,intermediate_step_0000_0000_find_key.txt,0,0,find_key,1,forward,0.860058,0.9
001471,413,intermediate,413/intermediate_step_0000_0000_find_key.txt,intermediate_step_0000_0000_find_key.txt,0,0,find_key,1,pickup,0.851458,0.0
001471,413,intermediate,413/intermediate_step_0000_0000_find_key.txt,intermediate_step_0000_0000_find_key.txt,0,0,find_key,1,toggle,0.851458,0.0
000595,466,transition,466/transition_step_0006_0008_find_key.txt,transition_step_0006_0008_find_key.txt,6,8,find_key,3,left,0.868746,0.1
000595,466,transition,466/transition_step_0006_0008_find_key.txt,transition_step_0006_0008_find_key.txt,6,8,find_key,3,right,0.868746,0.1
000595,466,transition,466/transition_step_0006_0008_find_key.txt,transition_step_0006_0008_find_key.txt,6,8,find_key,3,forward,0.877521,0.95
000595,466,transition,466/transition_step_0006_0008_find_key.txt,transition_step_0006_0008_find_key.txt,6,8,find_key,3,pickup,0.886385,0.0
000595,466,transition,466/transition_step_0006_0008_find_key.txt,transition_step_0006_0008_find_key.txt,6,8,find_key,3,toggle,0.877521,0.0
000013,102,intermediate,102/intermediate_step_0001_0003_find_key.txt,intermediate_step_0001_0003_find_key.txt,1,3,find_key,3,left,0.817907,1.0
000013,102,intermediate,102/intermediate_step_0001_0003_find_key.txt,intermediate_step_0001_0003_find_key.txt,1,3,find_key,3,right,0.817907,0.0
000013,102,intermediate,102/intermediate_step_0001_0003_find_key.txt,intermediate_step_0001_0003_find_key.txt,1,3,find_key,3,forward,0.834514,0.0
000013,102,intermediate,102/intermediate_step_0001_0003_find_key.txt,intermediate_step_0001_0003_find_key.txt,1,3,find_key,3,pickup,0.826169,0.0
000013,102,intermediate,102/intermediate_step_0001_0003_find_key.txt,intermediate_step_0001_0003_find_key.txt,1,3,find_key,3,toggle,0.826169,0.0
000751,458,worst,458/worst_step_0000_find_key.txt,worst_step_0000_find_key.txt,0,0,find_key,1,left,0.826169,1.0
000751,458,worst,458/worst_step_0000_find_key.txt,worst_step_0000_find_key.txt,0,0,find_key,1,right,0.809728,0.0
000751,458,worst,458/worst_step_0000_find_key.txt,worst_step_0000_find_key.txt,0,0,find_key,1,forward,0.809728,0.0
000751,458,worst,458/worst_step_0000_find_key.txt,worst_step_0000_find_key.txt,0,0,find_key,1,pickup,0.817907,0.0
000751,458,worst,458/worst_step_0000_find_key.txt,worst_step_0000_find_key.txt,0,0,find_key,1,toggle,0.817907,0.0
000487,614,transition,614/transition_step_0049_0051_open_door.txt,transition_step_0049_0051_open_door.txt,49,51,open_door,3,left,0.904382,0.0
000487,614,transition,614/transition_step_0049_0051_open_door.txt,transition_step_0049_0051_open_door.txt,49,51,open_door,3,right,0.904382,0.0
000487,614,transition,614/transition_step_0049_0051_open_door.txt,transition_step_0049_0051_open_door.txt,49,51,open_door,3,forward,0.913517,0.0
000487,614,transition,614/transition_step_0049_0051_open_door.txt,transition_step_0049_0051_open_door.txt,49,51,open_door,3,pickup,0.913517,0.0
000487,614,transition,614/transition_step_0049_0051_open_door.txt,transition_step_0049_0051_open_door.txt,49,51,open_door,3,toggle,0.922745,1.0
001213,661,off_track,661/off_track/off_track_step_0000_reach_goal.txt,off_track_step_0000_reach_goal.txt,0,0,reach_goal,3,left,0.960596,0.0
001213,661,off_track,661/off_track/off_track_step_0000_reach_goal.txt,off_track_step_0000_reach_goal.txt,0,0,reach_goal,3,right,0.95099,0.0
001213,661,off_track,661/off_track/off_track_step_0000_reach_goal.txt,off_track_step_0000_reach_goal.txt,0,0,reach_goal,3,forward,0.970299,1.0
001213,661,off_track,661/off_track/off_track_step_0000_reach_goal.txt,off_track_step_0000_reach_goal.txt,0,0,reach_goal,3,pickup,0.960596,0.0
001213,661,off_track,661/off_track/off_track_step_0000_reach_goal.txt,off_track_step_0000_reach_goal.txt,0,0,reach_goal,3,toggle,0.960596,0.0
001507,413,off_track,413/off_track/off_track_step_0000_open_door.txt,off_track_step_0000_open_door.txt,0,0,open_door,3,left,0.886385,1.0
001507,413,off_track,413/off_track/off_track_step_0000_open_door.txt,off_track_step_0000_open_door.txt,0,0,open_door,3,right,0.886385,0.0
001507,413,off_track,413/off_track/off_track_step_0000_open_door.txt,off_track_step_0000_open_door.txt,0,0,open_door,3,forward,0.868746,0.0
001507,413,off_track,413/off_track/off_track_step_0000_open_door.txt,off_track_step_0000_open_door.txt,0,0,open_door,3,pickup,0.877521,0.0
001507,413,off_track,413/off_track/off_track_step_0000_open_door.txt,off_track_step_0000_open_door.txt,0,0,open_door,3,toggle,0.877521,0.0
001171,661,intermediate,661/intermediate_step_0000_0000_find_key.txt,intermediate_step_0000_0000_find_key.txt,0,0,find_key,1,left,0.826169,0.3
001171,661,intermediate,661/intermediate_step_0000_0000_find_key.txt,intermediate_step_0000_0000_find_key.txt,0,0,find_key,1,right,0.842943,0.65
001171,661,intermediate,661/intermediate_step_0000_0000_find_key.txt,intermediate_step_0000_0000_find_key.txt,0,0,find_key,1,forward,0.834514,0.1
001171,661,intermediate,661/intermediate_step_0000_0000_find_key.txt,intermediate_step_0000_0000_find_key.txt,0,0,find_key,1,pickup,0.834514,0.05
001171,661,intermediate,661/intermediate_step_0000_0000_find_key.txt,intermediate_step_0000_0000_find_key.txt,0,0,find_key,1,toggle,0.834514,0.0
000325,71,transition,71/transition_step_0012_0014_reach_goal.txt,transition_step_0012_0014_reach_goal.txt,12,14,reach_goal,3,left,0.9801,0.2
000325,71,transition,71/transition_step_0012_0014_reach_goal.txt,transition_step_0012_0014_reach_goal.txt,12,14,reach_goal,3,right,0.9801,0.2
000325,71,transition,71/transition_step_0012_0014_reach_goal.txt,transition_step_0012_0014_reach_goal.txt,12,14,reach_goal,3,forward,1.0,0.99
000325,71,transition,71/transition_step_0012_0014_reach_goal.txt,transition_step_0012_0014_reach_goal.txt,12,14,reach_goal,3,pickup,0.99,0.0
000325,71,transition,71/transition_step_0012_0014_reach_goal.txt,transition_step_0012_0014_reach_goal.txt,12,14,reach_goal,3,toggle,0.99,0.0
000499,614,transition,614/transition_step_0058_0060_reach_goal.txt,transition_step_0058_0060_reach_goal.txt,58,60,reach_goal,3,left,0.9801,0.2
000499,614,transition,614/transition_step_0058_0060_reach_goal.txt,transition_step_0058_0060_reach_goal.txt,58,60,reach_goal,3,right,0.9801,0.2
000499,614,transition,614/transition_step_0058_0060_reach_goal.txt,transition_step_0058_0060_reach_goal.txt,58,60,reach_goal,3,forward,1.0,0.99
000499,614,transition,614/transition_step_0058_0060_reach_goal.txt,transition_step_0058_0060_reach_goal.txt,58,60,reach_goal,3,pickup,0.99,0.0
000499,614,transition,614/transition_step_0058_0060_reach_goal.txt,transition_step_0058_0060_reach_goal.txt,58,60,reach_goal,3,toggle,0.99,0.0
001693,955,transition,955/transition_step_0034_0036_find_key.txt,transition_step_0034_0036_find_key.txt,34,36,find_key,3,left,0.834514,0.25
001693,955,transition,955/transition_step_0034_0036_find_key.txt,transition_step_0034_0036_find_key.txt,34,36,find_key,3,right,0.834514,0.1
001693,955,transition,955/transition_step_0034_0036_find_key.txt,transition_step_0034_0036_find_key.txt,34,36,find_key,3,forward,0.842943,0.35
001693,955,transition,955/transition_step_0034_0036_find_key.txt,transition_step_0034_0036_find_key.txt,34,36,find_key,3,pickup,0.851458,0.8
001693,955,transition,955/transition_step_0034_0036_find_key.txt,transition_step_0034_0036_find_key.txt,34,36,find_key,3,toggle,0.842943,0.0
000169,860,off_track,860/off_track/off_track_step_0000_open_door.txt,off_track_step_0000_open_door.txt,0,0,open_door,3,left,0.922745,0.3
000169,860,off_track,860/off_track/off_track_step_0000_open_door.txt,off_track_step_0000_open_door.txt,0,0,open_door,3,right,0.904382,0.55
000169,860,off_track,860/off_track/off_track_step_0000_open_door.txt,off_track_step_0000_open_door.txt,0,0,open_door,3,forward,0.904382,0.7
000169,860,off_track,860/off_track/off_track_step_0000_open_door.txt,off_track_step_0000_open_door.txt,0,0,open_door,3,pickup,0.913517,0.0
000169,860,off_track,860/off_track/off_track_step_0000_open_door.txt,off_track_step_0000_open_door.txt,0,0,open_door,3,toggle,0.913517,0.1
000277,106,off_track,106/off_track/off_track_step_0000_find_key.txt,off_track_step_0000_find_key.txt,0,0,find_key,3,left,0.932065,0.843
000277,106,off_track,106/off_track/off_track_step_0000_find_key.txt,off_track_step_0000_find_key.txt,0,0,find_key,3,right,0.922745,0.843
000277,106,off_track,106/off_track/off_track_step_0000_find_key.txt,off_track_step_0000_find_key.txt,0,0,find_key,3,forward,0.922745,0.835
000277,106,off_track,106/off_track/off_track_step_0000_find_key.txt,off_track_step_0000_find_key.txt,0,0,find_key,3,pickup,0.922745,0.843
000277,106,off_track,106/off_track/off_track_step_0000_find_key.txt,off_track_step_0000_find_key.txt,0,0,find_key,3,toggle,0.922745,0.843
001435,491,intermediate,491/intermediate_step_0063_0065_reach_goal.txt,intermediate_step_0063_0065_reach_goal.txt,63,65,reach_goal,3,left,0.95099,0.933
001435,491,intermediate,491/intermediate_step_0063_0065_reach_goal.txt,intermediate_step_0063_0065_reach_goal.txt,63,65,reach_goal,3,right,0.960596,0.951
001435,491,intermediate,491/intermediate_step_0063_0065_reach_goal.txt,intermediate_step_0063_0065_reach_goal.txt,63,65,reach_goal,3,forward,0.970299,0.961
001435,491,intermediate,491/intermediate_step_0063_0065_reach_goal.txt,intermediate_step_0063_0065_reach_goal.txt,63,65,reach_goal,3,pickup,0.960596,0.942
001435,491,intermediate,491/intermediate_step_0063_0065_reach_goal.txt,intermediate_step_0063_0065_reach_goal.txt,63,65,reach_goal,3,toggle,0.960596,0.942
001681,191,off_track,191/off_track/off_track_step_0000_reach_goal.txt,off_track_step_0000_reach_goal.txt,0,0,reach_goal,3,left,0.922745,0.933
001681,191,off_track,191/off_track/off_track_step_0000_reach_goal.txt,off_track_step_0000_reach_goal.txt,0,0,reach_goal,3,right,0.932065,0.914
001681,191,off_track,191/off_track/off_track_step_0000_reach_goal.txt,off_track_step_0000_reach_goal.txt,0,0,reach_goal,3,forward,0.94148,0.951
001681,191,off_track,191/off_track/off_track_step_0000_reach_goal.txt,off_track_step_0000_reach_goal.txt,0,0,reach_goal,3,pickup,0.932065,0.942
001681,191,off_track,191/off_track/off_track_step_0000_reach_goal.txt,off_track_step_0000_reach_goal.txt,0,0,reach_goal,3,toggle,0.932065,0.942
001519,805,worst,805/worst_step_0000_find_key.txt,worst_step_0000_find_key.txt,0,0,find_key,1,left,0.851458,0.835
001519,805,worst,805/worst_step_0000_find_key.txt,worst_step_0000_find_key.txt,0,0,find_key,1,right,0.851458,0.843
001519,805,worst,805/worst_step_0000_find_key.txt,worst_step_0000_find_key.txt,0,0,find_key,1,forward,0.842943,0.826
001519,805,worst,805/worst_step_0000_find_key.txt,worst_step_0000_find_key.txt,0,0,find_key,1,pickup,0.842943,0.826
001519,805,worst,805/worst_step_0000_find_key.txt,worst_step_0000_find_key.txt,0,0,find_key,1,toggle,0.842943,0.826
001285,769,transition,769/transition_step_0001_0003_find_key.txt,transition_step_0001_0003_find_key.txt,1,3,find_key,3,left,0.826169,0.81
001285,769,transition,769/transition_step_0001_0003_find_key.txt,transition_step_0001_0003_find_key.txt,1,3,find_key,3,right,0.826169,0.802
001285,769,transition,769/transition_step_0001_0003_find_key.txt,transition_step_0001_0003_find_key.txt,1,3,find_key,3,forward,0.834514,0.826
001285,769,transition,769/transition_step_0001_0003_find_key.txt,transition_step_0001_0003_find_key.txt,1,3,find_key,3,pickup,0.842943,0.818
001285,769,transition,769/transition_step_0001_0003_find_key.txt,transition_step_0001_0003_find_key.txt,1,3,find_key,3,toggle,0.834514,0.818
001183,661,intermediate,661/intermediate_step_0015_0017_open_door.txt,intermediate_step_0015_0017_open_door.txt,15,17,open_door,3,left,0.913517,1.0
001183,661,intermediate,661/intermediate_step_0015_0017_open_door.txt,intermediate_step_0015_0017_open_door.txt,15,17,open_door,3,right,0.895338,0.0
001183,661,intermediate,661/intermediate_step_0015_0017_open_door.txt,intermediate_step_0015_0017_open_door.txt,15,17,open_door,3,forward,0.877521,0.0
001183,661,intermediate,661/intermediate_step_0015_0017_open_door.txt,intermediate_step_0015_0017_open_door.txt,15,17,open_door,3,pickup,0.904382,0.0
001183,661,intermediate,661/intermediate_step_0015_0017_open_door.txt,intermediate_step_0015_0017_open_door.txt,15,17,open_door,3,toggle,0.904382,0.0
001237,308,transition,308/transition_step_0067_0069_open_door.txt,transition_step_0067_0069_open_door.txt,67,69,open_door,3,left,0.895338,0.0
001237,308,transition,308/transition_step_0067_0069_open_door.txt,transition_step_0067_0069_open_door.txt,67,69,open_door,3,right,0.895338,0.0
001237,308,transition,308/transition_step_0067_0069_open_door.txt,transition_step_0067_0069_open_door.txt,67,69,open_door,3,forward,0.904382,0.0
001237,308,transition,308/transition_step_0067_0069_open_door.txt,transition_step_0067_0069_open_door.txt,67,69,open_door,3,pickup,0.904382,0.0
001237,308,transition,308/transition_step_0067_0069_open_door.txt,transition_step_0067_0069_open_door.txt,67,69,open_door,3,toggle,0.913517,1.0
001165,661,transition,661/transition_step_0001_0003_find_key.txt,transition_step_0001_0003_find_key.txt,1,3,find_key,3,left,0.851458,0.0
001165,661,transition,661/transition_step_0001_0003_find_key.txt,transition_step_0001_0003_find_key.txt,1,3,find_key,3,right,0.851458,0.0
001165,661,transition,661/transition_step_0001_0003_find_key.txt,transition_step_0001_0003_find_key.txt,1,3,find_key,3,forward,0.860058,0.0
001165,661,transition,661/transition_step_0001_0003_find_key.txt,transition_step_0001_0003_find_key.txt,1,3,find_key,3,pickup,0.868746,1.0
001165,661,transition,661/transition_step_0001_0003_find_key.txt,transition_step_0001_0003_find_key.txt,1,3,find_key,3,toggle,0.860058,0.0
001297,769,transition,769/transition_step_0021_0023_open_door.txt,transition_step_0021_0023_open_door.txt,21,23,open_door,3,left,0.895338,0.0
001297,769,transition,769/transition_step_0021_0023_open_door.txt,transition_step_0021_0023_open_door.txt,21,23,open_door,3,right,0.895338,0.0
001297,769,transition,769/transition_step_0021_0023_open_door.txt,transition_step_0021_0023_open_door.txt,21,23,open_door,3,forward,0.904382,0.0
001297,769,transition,769/transition_step_0021_0023_open_door.txt,transition_step_0021_0023_open_door.txt,21,23,open_door,3,pickup,0.904382,0.0
001297,769,transition,769/transition_step_0021_0023_open_door.txt,transition_step_0021_0023_open_door.txt,21,23,open_door,3,toggle,0.913517,0.0
000691,330,worst,330/worst_step_0000_find_key.txt,worst_step_0000_find_key.txt,0,0,find_key,1,left,0.842943,0.0
000691,330,worst,330/worst_step_0000_find_key.txt,worst_step_0000_find_key.txt,0,0,find_key,1,right,0.842943,1.0
000691,330,worst,330/worst_step_0000_find_key.txt,worst_step_0000_find_key.txt,0,0,find_key,1,forward,0.834514,0.0
000691,330,worst,330/worst_step_0000_find_key.txt,worst_step_0000_find_key.txt,0,0,find_key,1,pickup,0.834514,0.0
000691,330,worst,330/worst_step_0000_find_key.txt,worst_step_0000_find_key.txt,0,0,find_key,1,toggle,0.834514,0.0
000427,20,intermediate,20/intermediate_step_0191_0193_find_key.txt,intermediate_step_0191_0193_find_key.txt,191,193,find_key,3,left,0.860058,0.667
000427,20,intermediate,20/intermediate_step_0191_0193_find_key.txt,intermediate_step_0191_0193_find_key.txt,191,193,find_key,3,right,0.860058,0.667
000427,20,intermediate,20/intermediate_step_0191_0193_find_key.txt,intermediate_step_0191_0193_find_key.txt,191,193,find_key,3,forward,0.842943,1.0
000427,20,intermediate,20/intermediate_step_0191_0193_find_key.txt,intermediate_step_0191_0193_find_key.txt,191,193,find_key,3,pickup,0.851458,0.333
000427,20,intermediate,20/intermediate_step_0191_0193_find_key.txt,intermediate_step_0191_0193_find_key.txt,191,193,find_key,3,toggle,0.851458,0.0
000559,121,transition,121/transition_step_0100_0102_reach_goal.txt,transition_step_0100_0102_reach_goal.txt,100,102,reach_goal,3,left,0.9801,0.1
000559,121,transition,121/transition_step_0100_0102_reach_goal.txt,transition_step_0100_0102_reach_goal.txt,100,102,reach_goal,3,right,0.9801,0.1
000559,121,transition,121/transition_step_0100_0102_reach_goal.txt,transition_step_0100_0102_reach_goal.txt,100,102,reach_goal,3,forward,1.0,1.0
000559,121,transition,121/transition_step_0100_0102_reach_goal.txt,transition_step_0100_0102_reach_goal.txt,100,102,reach_goal,3,pickup,0.99,0.0
000559,121,transition,121/transition_step_0100_0102_reach_goal.txt,transition_step_0100_0102_reach_goal.txt,100,102,reach_goal,3,toggle,0.99,0.0
000949,99,transition,99/transition_step_0036_0038_open_door.txt,transition_step_0036_0038_open_door.txt,36,38,open_door,3,left,0.904382,0.2
000949,99,transition,99/transition_step_0036_0038_open_door.txt,transition_step_0036_0038_open_door.txt,36,38,open_door,3,right,0.904382,0.2
000949,99,transition,99/transition_step_0036_0038_open_door.txt,transition_step_0036_0038_open_door.txt,36,38,open_door,3,forward,0.913517,0.5
000949,99,transition,99/transition_step_0036_0038_open_door.txt,transition_step_0036_0038_open_door.txt,36,38,open_door,3,pickup,0.913517,0.0
000949,99,transition,99/transition_step_0036_0038_open_door.txt,transition_step_0036_0038_open_door.txt,36,38,open_door,3,toggle,0.922745,1.0
001651,191,intermediate,191/intermediate_step_0000_0001_find_key.txt,intermediate_step_0000_0001_find_key.txt,0,1,find_key,2,left,0.834514,1.0
001651,191,intermediate,191/intermediate_step_0000_0001_find_key.txt,intermediate_step_0000_0001_find_key.txt,0,1,find_key,2,right,0.817907,1.0
001651,191,intermediate,191/intermediate_step_0000_0001_find_key.txt,intermediate_step_0000_0001_find_key.txt,0,1,find_key,2,forward,0.826169,0.0
001651,191,intermediate,191/intermediate_step_0000_0001_find_key.txt,intermediate_step_0000_0001_find_key.txt,0,1,find_key,2,pickup,0.826169,0.0
001651,191,intermediate,191/intermediate_step_0000_0001_find_key.txt,intermediate_step_0000_0001_find_key.txt,0,1,find_key,2,toggle,0.826169,0.0
000523,614,off_track,614/off_track/off_track_step_0000_reach_goal.txt,off_track_step_0000_reach_goal.txt,0,0,reach_goal,3,left,0.860058,0.5
000523,614,off_track,614/off_track/off_track_step_0000_reach_goal.txt,off_track_step_0000_reach_goal.txt,0,0,reach_goal,3,right,0.860058,0.5
000523,614,off_track,614/off_track/off_track_step_0000_reach_goal.txt,off_track_step_0000_reach_goal.txt,0,0,reach_goal,3,forward,0.877521,1.0
000523,614,off_track,614/off_track/off_track_step_0000_reach_goal.txt,off_track_step_0000_reach_goal.txt,0,0,reach_goal,3,pickup,0.868746,0.0
000523,614,off_track,614/off_track/off_track_step_0000_reach_goal.txt,off_track_step_0000_reach_goal.txt,0,0,reach_goal,3,toggle,0.868746,0.0
001429,491,transition,491/transition_step_0066_0068_reach_goal.txt,transition_step_0066_0068_reach_goal.txt,66,68,reach_goal,3,left,0.9801,0.0
001429,491,transition,491/transition_step_0066_0068_reach_goal.txt,transition_step_0066_0068_reach_goal.txt,66,68,reach_goal,3,right,0.9801,0.0
001429,491,transition,491/transition_step_0066_0068_reach_goal.txt,transition_step_0066_0068_reach_goal.txt,66,68,reach_goal,3,forward,1.0,1.0
001429,491,transition,491/transition_step_0066_0068_reach_goal.txt,transition_step_0066_0068_reach_goal.txt,66,68,reach_goal,3,pickup,0.99,0.0
001429,491,transition,491/transition_step_0066_0068_reach_goal.txt,transition_step_0066_0068_reach_goal.txt,66,68,reach_goal,3,toggle,0.99,0.0
001075,663,intermediate,663/intermediate_step_0052_0054_reach_goal.txt,intermediate_step_0052_0054_reach_goal.txt,52,54,reach_goal,3,left,0.95099,0.0
001075,663,intermediate,663/intermediate_step_0052_0054_reach_goal.txt,intermediate_step_0052_0054_reach_goal.txt,52,54,reach_goal,3,right,0.95099,0.5
001075,663,intermediate,663/intermediate_step_0052_0054_reach_goal.txt,intermediate_step_0052_0054_reach_goal.txt,52,54,reach_goal,3,forward,0.970299,0.5
001075,663,intermediate,663/intermediate_step_0052_0054_reach_goal.txt,intermediate_step_0052_0054_reach_goal.txt,52,54,reach_goal,3,pickup,0.960596,0.0
001075,663,intermediate,663/intermediate_step_0052_0054_reach_goal.txt,intermediate_step_0052_0054_reach_goal.txt,52,54,reach_goal,3,toggle,0.960596,0.0
000925,372,off_track,372/off_track/off_track_step_0000_reach_goal.txt,off_track_step_0000_reach_goal.txt,0,0,reach_goal,3,left,0.95099,0.0
000925,372,off_track,372/off_track/off_track_step_0000_reach_goal.txt,off_track_step_0000_reach_goal.txt,0,0,reach_goal,3,right,0.932065,0.0
000925,372,off_track,372/off_track/off_track_step_0000_reach_goal.txt,off_track_step_0000_reach_goal.txt,0,0,reach_goal,3,forward,0.922745,0.0
000925,372,off_track,372/off_track/off_track_step_0000_reach_goal.txt,off_track_step_0000_reach_goal.txt,0,0,reach_goal,3,pickup,0.94148,0.0
000925,372,off_track,372/off_track/off_track_step_0000_reach_goal.txt,off_track_step_0000_reach_goal.txt,0,0,reach_goal,3,toggle,0.94148,0.0
000865,87,off_track,87/off_track/off_track_step_0000_reach_goal.txt,off_track_step_0000_reach_goal.txt,0,0,reach_goal,3,left,0.94148,0.0
000865,87,off_track,87/off_track/off_track_step_0000_reach_goal.txt,off_track_step_0000_reach_goal.txt,0,0,reach_goal,3,right,0.932065,0.6
000865,87,off_track,87/off_track/off_track_step_0000_reach_goal.txt,off_track_step_0000_reach_goal.txt,0,0,reach_goal,3,forward,0.95099,0.0
000865,87,off_track,87/off_track/off_track_step_0000_reach_goal.txt,off_track_step_0000_reach_goal.txt,0,0,reach_goal,3,pickup,0.94148,0.0
000865,87,off_track,87/off_track/off_track_step_0000_reach_goal.txt,off_track_step_0000_reach_goal.txt,0,0,reach_goal,3,toggle,0.94148,0.0
001363,343,intermediate,343/intermediate_step_0192_0194_open_door.txt,intermediate_step_0192_0194_open_door.txt,192,194,open_door,3,left,0.913517,0.923
001363,343,intermediate,343/intermediate_step_0192_0194_open_door.txt,intermediate_step_0192_0194_open_door.txt,192,194,open_door,3,right,0.895338,0.914
001363,343,intermediate,343/intermediate_step_0192_0194_open_door.txt,intermediate_step_0192_0194_open_door.txt,192,194,open_door,3,forward,0.877521,0.933
001363,343,intermediate,343/intermediate_step_0192_0194_open_door.txt,intermediate_step_0192_0194_open_door.txt,192,194,open_door,3,pickup,0.904382,0.0
001363,343,intermediate,343/intermediate_step_0192_0194_open_door.txt,intermediate_step_0192_0194_open_door.txt,192,194,open_door,3,toggle,0.904382,0.923
000337,71,off_track,71/off_track/off_track_step_0000_find_key.txt,off_track_step_0000_find_key.txt,0,0,find_key,3,left,0.95099,0.886
000337,71,off_track,71/off_track/off_track_step_0000_find_key.txt,off_track_step_0000_find_key.txt,0,0,find_key,3,right,0.95099,0.877
000337,71,off_track,71/off_track/off_track_step_0000_find_key.txt,off_track_step_0000_find_key.txt,0,0,find_key,3,forward,0.932065,0.877
000337,71,off_track,71/off_track/off_track_step_0000_find_key.txt,off_track_step_0000_find_key.txt,0,0,find_key,3,pickup,0.94148,0.0
000337,71,off_track,71/off_track/off_track_step_0000_find_key.txt,off_track_step_0000_find_key.txt,0,0,find_key,3,toggle,0.94148,0.0
000847,87,intermediate,87/intermediate_step_0053_0055_reach_goal.txt,intermediate_step_0053_0055_reach_goal.txt,53,55,reach_goal,3,left,0.95099,0.933
000847,87,intermediate,87/intermediate_step_0053_0055_reach_goal.txt,intermediate_step_0053_0055_reach_goal.txt,53,55,reach_goal,3,right,0.960596,0.961
000847,87,intermediate,87/intermediate_step_0053_0055_reach_goal.txt,intermediate_step_0053_0055_reach_goal.txt,53,55,reach_goal,3,forward,0.970299,0.951
000847,87,intermediate,87/intermediate_step_0053_0055_reach_goal.txt,intermediate_step_0053_0055_reach_goal.txt,53,55,reach_goal,3,pickup,0.960596,0.0
000847,87,intermediate,87/intermediate_step_0053_0055_reach_goal.txt,intermediate_step_0053_0055_reach_goal.txt,53,55,reach_goal,3,toggle,0.960596,0.0
000121,860,worst,860/worst_step_0000_find_key.txt,worst_step_0000_find_key.txt,0,0,find_key,1,left,0.904382,0.877
000121,860,worst,860/worst_step_0000_find_key.txt,worst_step_0000_find_key.txt,0,0,find_key,1,right,0.904382,0.886
000121,860,worst,860/worst_step_0000_find_key.txt,worst_step_0000_find_key.txt,0,0,find_key,1,forward,0.886385,0.877
000121,860,worst,860/worst_step_0000_find_key.txt,worst_step_0000_find_key.txt,0,0,find_key,1,pickup,0.895338,0.0
000121,860,worst,860/worst_step_0000_find_key.txt,worst_step_0000_find_key.txt,0,0,find_key,1,toggle,0.895338,0.0
001465,413,transition,413/transition_step_0001_0003_find_key.txt,transition_step_0001_0003_find_key.txt,1,3,find_key,3,left,0.860058,0.852
001465,413,transition,413/transition_step_0001_0003_find_key.txt,transition_step_0001_0003_find_key.txt,1,3,find_key,3,right,0.860058,0.852
001465,413,transition,413/transition_step_0001_0003_find_key.txt,transition_step_0001_0003_find_key.txt,1,3,find_key,3,forward,0.868746,0.862
001465,413,transition,413/transition_step_0001_0003_find_key.txt,transition_step_0001_0003_find_key.txt,1,3,find_key,3,pickup,0.877521,0.872
001465,413,transition,413/transition_step_0001_0003_find_key.txt,transition_step_0001_0003_find_key.txt,1,3,find_key,3,toggle,0.868746,0.0
000697,330,transition,330/transition_step_0005_0007_find_key.txt,transition_step_0005_0007_find_key.txt,5,7,find_key,3,left,0.877521,0.96
000697,330,transition,330/transition_step_0005_0007_find_key.txt,transition_step_0005_0007_find_key.txt,5,7,find_key,3,right,0.877521,0.941
000697,330,transition,330/transition_step_0005_0007_find_key.txt,transition_step_0005_0007_find_key.txt,5,7,find_key,3,forward,0.886385,0.98
000697,330,transition,330/transition_step_0005_0007_find_key.txt,transition_step_0005_0007_find_key.txt,5,7,find_key,3,pickup,0.895338,1.0
000697,330,transition,330/transition_step_0005_0007_find_key.txt,transition_step_0005_0007_find_key.txt,5,7,find_key,3,toggle,0.886385,0.99
000901,372,transition,372/transition_step_0158_0160_reach_goal.txt,transition_step_0158_0160_reach_goal.txt,158,160,reach_goal,3,left,0.9801,0.98
000901,372,transition,372/transition_step_0158_0160_reach_goal.txt,transition_step_0158_0160_reach_goal.txt,158,160,reach_goal,3,right,0.9801,0.98
000901,372,transition,372/transition_step_0158_0160_reach_goal.txt,transition_step_0158_0160_reach_goal.txt,158,160,reach_goal,3,forward,1.0,1.0
000901,372,transition,372/transition_step_0158_0160_reach_goal.txt,transition_step_0158_0160_reach_goal.txt,158,160,reach_goal,3,pickup,0.99,0.99
000901,372,transition,372/transition_step_0158_0160_reach_goal.txt,transition_step_0158_0160_reach_goal.txt,158,160,reach_goal,3,toggle,0.99,0.99
000589,466,worst,466/worst_step_0001_find_key.txt,worst_step_0001_find_key.txt,1,1,find_key,1,left,0.826169,1.0
000589,466,worst,466/worst_step_0001_find_key.txt,worst_step_0001_find_key.txt,1,1,find_key,1,right,0.826169,1.0
000589,466,worst,466/worst_step_0001_find_key.txt,worst_step_0001_find_key.txt,1,1,find_key,1,forward,0.809728,0.99
000589,466,worst,466/worst_step_0001_find_key.txt,worst_step_0001_find_key.txt,1,1,find_key,1,pickup,0.817907,0.99
000589,466,worst,466/worst_step_0001_find_key.txt,worst_step_0001_find_key.txt,1,1,find_key,1,toggle,0.817907,0.99
001411,491,intermediate,491/intermediate_step_0023_0025_find_key.txt,intermediate_step_0023_0025_find_key.txt,23,25,find_key,3,left,0.877521,0.99
001411,491,intermediate,491/intermediate_step_0023_0025_find_key.txt,intermediate_step_0023_0025_find_key.txt,23,25,find_key,3,right,0.877521,1.0
001411,491,intermediate,491/intermediate_step_0023_0025_find_key.txt,intermediate_step_0023_0025_find_key.txt,23,25,find_key,3,forward,0.860058,0.99
001411,491,intermediate,491/intermediate_step_0023_0025_find_key.txt,intermediate_step_0023_0025_find_key.txt,23,25,find_key,3,pickup,0.868746,0.99
001411,491,intermediate,491/intermediate_step_0023_0025_find_key.txt,intermediate_step_0023_0025_find_key.txt,23,25,find_key,3,toggle,0.868746,0.99
001231,308,intermediate,308/intermediate_step_0004_0006_find_key.txt,intermediate_step_0004_0006_find_key.txt,4,6,find_key,3,left,0.842943,0.98
001231,308,intermediate,308/intermediate_step_0004_0006_find_key.txt,intermediate_step_0004_0006_find_key.txt,4,6,find_key,3,right,0.842943,0.98
001231,308,intermediate,308/intermediate_step_0004_0006_find_key.txt,intermediate_step_0004_0006_find_key.txt,4,6,find_key,3,forward,0.860058,1.0
001231,308,intermediate,308/intermediate_step_0004_0006_find_key.txt,intermediate_step_0004_0006_find_key.txt,4,6,find_key,3,pickup,0.851458,0.99
001231,308,intermediate,308/intermediate_step_0004_0006_find_key.txt,intermediate_step_0004_0006_find_key.txt,4,6,find_key,3,toggle,0.851458,0.99
000571,121,off_track,121/off_track/off_track_step_0000_find_key.txt,off_track_step_0000_find_key.txt,0,0,find_key,3,left,0.860058,0.2
000571,121,off_track,121/off_track/off_track_step_0000_find_key.txt,off_track_step_0000_find_key.txt,0,0,find_key,3,right,0.877521,0.9
000571,121,off_track,121/off_track/off_track_step_0000_find_key.txt,off_track_step_0000_find_key.txt,0,0,find_key,3,forward,0.868746,0.5
000571,121,off_track,121/off_track/off_track_step_0000_find_key.txt,off_track_step_0000_find_key.txt,0,0,find_key,3,pickup,0.868746,0.0
000571,121,off_track,121/off_track/off_track_step_0000_find_key.txt,off_track_step_0000_find_key.txt,0,0,find_key,3,toggle,0.868746,0.0
001399,491,worst,491/worst_step_0025_find_key.txt,worst_step_0025_find_key.txt,25,25,find_key,1,left,0.877521,0.6
001399,491,worst,491/worst_step_0025_find_key.txt,worst_step_0025_find_key.txt,25,25,find_key,1,right,0.877521,0.6
001399,491,worst,491/worst_step_0025_find_key.txt,worst_step_0025_find_key.txt,25,25,find_key,1,forward,0.860058,0.1
001399,491,worst,491/worst_step_0025_find_key.txt,worst_step_0025_find_key.txt,25,25,find_key,1,pickup,0.868746,0.0
001399,491,worst,491/worst_step_0025_find_key.txt,worst_step_0025_find_key.txt,25,25,find_key,1,toggle,0.868746,0.0
000253,106,transition,106/transition_step_0008_0010_open_door.txt,transition_step_0008_0010_open_door.txt,8,10,open_door,3,left,0.904382,0.2
000253,106,transition,106/transition_step_0008_0010_open_door.txt,transition_step_0008_0010_open_door.txt,8,10,open_door,3,right,0.904382,0.2
000253,106,transition,106/transition_step_0008_0010_open_door.txt,transition_step_0008_0010_open_door.txt,8,10,open_door,3,forward,0.913517,0.5
000253,106,transition,106/transition_step_0008_0010_open_door.txt,transition_step_0008_0010_open_door.txt,8,10,open_door,3,pickup,0.913517,0.0
000253,106,transition,106/transition_step_0008_0010_open_door.txt,transition_step_0008_0010_open_door.txt,8,10,open_door,3,toggle,0.922745,0.9
000661,214,intermediate,214/intermediate_step_0000_0000_find_key.txt,intermediate_step_0000_0000_find_key.txt,0,0,find_key,1,left,0.860058,0.8
000661,214,intermediate,214/intermediate_step_0000_0000_find_key.txt,intermediate_step_0000_0000_find_key.txt,0,0,find_key,1,right,0.860058,0.0
000661,214,intermediate,214/intermediate_step_0000_0000_find_key.txt,intermediate_step_0000_0000_find_key.txt,0,0,find_key,1,forward,0.877521,0.1
000661,214,intermediate,214/intermediate_step_0000_0000_find_key.txt,intermediate_step_0000_0000_find_key.txt,0,0,find_key,1,pickup,0.868746,0.0
000661,214,intermediate,214/intermediate_step_0000_0000_find_key.txt,intermediate_step_0000_0000_find_key.txt,0,0,find_key,1,toggle,0.868746,0.0
001555,805,intermediate,805/intermediate_step_0077_0079_reach_goal.txt,intermediate_step_0077_0079_reach_goal.txt,77,79,reach_goal,3,left,0.95099,0.2
001555,805,intermediate,805/intermediate_step_0077_0079_reach_goal.txt,intermediate_step_0077_0079_reach_goal.txt,77,79,reach_goal,3,right,0.960596,0.2
001555,805,intermediate,805/intermediate_step_0077_0079_reach_goal.txt,intermediate_step_0077_0079_reach_goal.txt,77,79,reach_goal,3,forward,0.970299,0.9
001555,805,intermediate,805/intermediate_step_0077_0079_reach_goal.txt,intermediate_step_0077_0079_reach_goal.txt,77,79,reach_goal,3,pickup,0.960596,0.0
001555,805,intermediate,805/intermediate_step_0077_0079_reach_goal.txt,intermediate_step_0077_0079_reach_goal.txt,77,79,reach_goal,3,toggle,0.960596,0.0
000529,121,worst,121/worst_step_0000_find_key.txt,worst_step_0000_find_key.txt,0,0,find_key,1,left,0.842943,0.6
000529,121,worst,121/worst_step_0000_find_key.txt,worst_step_0000_find_key.txt,0,0,find_key,1,right,0.842943,0.6
000529,121,worst,121/worst_step_0000_find_key.txt,worst_step_0000_find_key.txt,0,0,find_key,1,forward,0.826169,0.7
000529,121,worst,121/worst_step_0000_find_key.txt,worst_step_0000_find_key.txt,0,0,find_key,1,pickup,0.834514,0.2
000529,121,worst,121/worst_step_0000_find_key.txt,worst_step_0000_find_key.txt,0,0,find_key,1,toggle,0.834514,0.2
001279,769,worst,769/worst_step_0000_find_key.txt,worst_step_0000_find_key.txt,0,0,find_key,1,left,0.809728,0.6
001279,769,worst,769/worst_step_0000_find_key.txt,worst_step_0000_find_key.txt,0,0,find_key,1,right,0.826169,0.4
001279,769,worst,769/worst_step_0000_find_key.txt,worst_step_0000_find_key.txt,0,0,find_key,1,forward,0.809728,0.7
001279,769,worst,769/worst_step_0000_find_key.txt,worst_step_0000_find_key.txt,0,0,find_key,1,pickup,0.817907,0.2
001279,769,worst,769/worst_step_0000_find_key.txt,worst_step_0000_find_key.txt,0,0,find_key,1,toggle,0.817907,0.2
000733,330,off_track,330/off_track/off_track_step_0000_find_key.txt,off_track_step_0000_find_key.txt,0,0,find_key,3,left,0.886385,0.6
000733,330,off_track,330/off_track/off_track_step_0000_find_key.txt,off_track_step_0000_find_key.txt,0,0,find_key,3,right,0.886385,0.6
000733,330,off_track,330/off_track/off_track_step_0000_find_key.txt,off_track_step_0000_find_key.txt,0,0,find_key,3,forward,0.904382,0.65
000733,330,off_track,330/off_track/off_track_step_0000_find_key.txt,off_track_step_0000_find_key.txt,0,0,find_key,3,pickup,0.895338,0.2
000733,330,off_track,330/off_track/off_track_step_0000_find_key.txt,off_track_step_0000_find_key.txt,0,0,find_key,3,toggle,0.895338,0.2
000349,71,off_track,71/off_track/off_track_step_0000_reach_goal.txt,off_track_step_0000_reach_goal.txt,0,0,reach_goal,3,left,0.95099,0.5
000349,71,off_track,71/off_track/off_track_step_0000_reach_goal.txt,off_track_step_0000_reach_goal.txt,0,0,reach_goal,3,right,0.95099,0.5
000349,71,off_track,71/off_track/off_track_step_0000_reach_goal.txt,off_track_step_0000_reach_goal.txt,0,0,reach_goal,3,forward,0.932065,0.3
000349,71,off_track,71/off_track/off_track_step_0000_reach_goal.txt,off_track_step_0000_reach_goal.txt,0,0,reach_goal,3,pickup,0.94148,0.0
000349,71,off_track,71/off_track/off_track_step_0000_reach_goal.txt,off_track_step_0000_reach_goal.txt,0,0,reach_goal,3,toggle,0.94148,0.1
000541,121,intermediate,121/intermediate_step_0000_0001_find_key.txt,intermediate_step_0000_0001_find_key.txt,0,1,find_key,2,left,0.851458,0.6
000541,121,intermediate,121/intermediate_step_0000_0001_find_key.txt,intermediate_step_0000_0001_find_key.txt,0,1,find_key,2,right,0.834514,0.6
000541,121,intermediate,121/intermediate_step_0000_0001_find_key.txt,intermediate_step_0000_0001_find_key.txt,0,1,find_key,2,forward,0.851458,0.7
000541,121,intermediate,121/intermediate_step_0000_0001_find_key.txt,intermediate_step_0000_0001_find_key.txt,0,1,find_key,2,pickup,0.842943,0.2
000541,121,intermediate,121/intermediate_step_0000_0001_find_key.txt,intermediate_step_0000_0001_find_key.txt,0,1,find_key,2,toggle,0.842943,0.2
000409,700,off_track,700/off_track/off_track_step_0000_reach_goal.txt,off_track_step_0000_reach_goal.txt,0,0,reach_goal,3,left,0.922745,0.913
000409,700,off_track,700/off_track/off_track_step_0000_reach_goal.txt,off_track_step_0000_reach_goal.txt,0,0,reach_goal,3,right,0.932065,0.895
000409,700,off_track,700/off_track/off_track_step_0000_reach_goal.txt,off_track_step_0000_reach_goal.txt,0,0,reach_goal,3,forward,0.913517,0.904
000409,700,off_track,700/off_track/off_track_step_0000_reach_goal.txt,off_track_step_0000_reach_goal.txt,0,0,reach_goal,3,pickup,0.922745,0.904
000409,700,off_track,700/off_track/off_track_step_0000_reach_goal.txt,off_track_step_0000_reach_goal.txt,0,0,reach_goal,3,toggle,0.922745,0.904
001021,871,intermediate,871/intermediate_step_0012_0014_reach_goal.txt,intermediate_step_0012_0014_reach_goal.txt,12,14,reach_goal,3,left,0.95099,0.941
001021,871,intermediate,871/intermediate_step_0012_0014_reach_goal.txt,intermediate_step_0012_0014_reach_goal.txt,12,14,reach_goal,3,right,0.970299,0.961
001021,871,intermediate,871/intermediate_step_0012_0014_reach_goal.txt,intermediate_step_0012_0014_reach_goal.txt,12,14,reach_goal,3,forward,0.960596,0.95
001021,871,intermediate,871/intermediate_step_0012_0014_reach_goal.txt,intermediate_step_0012_0014_reach_goal.txt,12,14,reach_goal,3,pickup,0.960596,0.95
001021,871,intermediate,871/intermediate_step_0012_0014_reach_goal.txt,intermediate_step_0012_0014_reach_goal.txt,12,14,reach_goal,3,toggle,0.960596,0.95
001333,769,off_track,769/off_track/off_track_step_0000_reach_goal.txt,off_track_step_0000_reach_goal.txt,0,0,reach_goal,3,left,0.886385,0.0
001333,769,off_track,769/off_track/off_track_step_0000_reach_goal.txt,off_track_step_0000_reach_goal.txt,0,0,reach_goal,3,right,0.868746,0.0
001333,769,off_track,769/off_track/off_track_step_0000_reach_goal.txt,off_track_step_0000_reach_goal.txt,0,0,reach_goal,3,forward,0.886385,0.0
001333,769,off_track,769/off_track/off_track_step_0000_reach_goal.txt,off_track_step_0000_reach_goal.txt,0,0,reach_goal,3,pickup,0.877521,0.0
001333,769,off_track,769/off_track/off_track_step_0000_reach_goal.txt,off_track_step_0000_reach_goal.txt,0,0,reach_goal,3,toggle,0.877521,0.0
000613,466,intermediate,466/intermediate_step_0091_0093_open_door.txt,intermediate_step_0091_0093_open_door.txt,91,93,open_door,3,left,0.886385,0.878
000613,466,intermediate,466/intermediate_step_0091_0093_open_door.txt,intermediate_step_0091_0093_open_door.txt,91,93,open_door,3,right,0.904382,0.869
000613,466,intermediate,466/intermediate_step_0091_0093_open_door.txt,intermediate_step_0091_0093_open_door.txt,91,93,open_door,3,forward,0.895338,0.886
000613,466,intermediate,466/intermediate_step_0091_0093_open_door.txt,intermediate_step_0091_0093_open_door.txt,91,93,open_door,3,pickup,0.895338,0.878
000613,466,intermediate,466/intermediate_step_0091_0093_open_door.txt,intermediate_step_0091_0093_open_door.txt,91,93,open_door,3,toggle,0.895338,0.878
000943,99,intermediate,99/intermediate_step_0003_0005_find_key.txt,intermediate_step_0003_0005_find_key.txt,3,5,find_key,3,left,0.834514,0.942
000943,99,intermediate,99/intermediate_step_0003_0005_find_key.txt,intermediate_step_0003_0005_find_key.txt,3,5,find_key,3,right,0.834514,0.961
000943,99,intermediate,99/intermediate_step_0003_0005_find_key.txt,intermediate_step_0003_0005_find_key.txt,3,5,find_key,3,forward,0.851458,0.95
000943,99,intermediate,99/intermediate_step_0003_0005_find_key.txt,intermediate_step_0003_0005_find_key.txt,3,5,find_key,3,pickup,0.842943,0.95
000943,99,intermediate,99/intermediate_step_0003_0005_find_key.txt,intermediate_step_0003_0005_find_key.txt,3,5,find_key,3,toggle,0.842943,0.95
000163,860,off_track,860/off_track/off_track_step_0000_find_key.txt,off_track_step_0000_find_key.txt,0,0,find_key,3,left,0.922745,0.2
000163,860,off_track,860/off_track/off_track_step_0000_find_key.txt,off_track_step_0000_find_key.txt,0,0,find_key,3,right,0.904382,0.2
000163,860,off_track,860/off_track/off_track_step_0000_find_key.txt,off_track_step_0000_find_key.txt,0,0,find_key,3,forward,0.904382,0.7
000163,860,off_track,860/off_track/off_track_step_0000_find_key.txt,off_track_step_0000_find_key.txt,0,0,find_key,3,pickup,0.913517,0.0
000163,860,off_track,860/off_track/off_track_step_0000_find_key.txt,off_track_step_0000_find_key.txt,0,0,find_key,3,toggle,0.913517,0.0
000955,99,intermediate,99/intermediate_step_0033_0035_open_door.txt,intermediate_step_0033_0035_open_door.txt,33,35,open_door,3,left,0.913517,0.8
000955,99,intermediate,99/intermediate_step_0033_0035_open_door.txt,intermediate_step_0033_0035_open_door.txt,33,35,open_door,3,right,0.895338,0.2
000955,99,intermediate,99/intermediate_step_0033_0035_open_door.txt,intermediate_step_0033_0035_open_door.txt,33,35,open_door,3,forward,0.877521,0.5
000955,99,intermediate,99/intermediate_step_0033_0035_open_door.txt,intermediate_step_0033_0035_open_door.txt,33,35,open_door,3,pickup,0.904382,0.0
000955,99,intermediate,99/intermediate_step_0033_0035_open_door.txt,intermediate_step_0033_0035_open_door.txt,33,35,open_door,3,toggle,0.904382,0.1
000829,87,transition,87/transition_step_0050_0052_open_door.txt,transition_step_0050_0052_open_door.txt,50,52,open_door,3,left,0.922745,0.0
000829,87,transition,87/transition_step_0050_0052_open_door.txt,transition_step_0050_0052_open_door.txt,50,52,open_door,3,right,0.922745,0.0
000829,87,transition,87/transition_step_0050_0052_open_door.txt,transition_step_0050_0052_open_door.txt,50,52,open_door,3,forward,0.932065,0.1
000829,87,transition,87/transition_step_0050_0052_open_door.txt,transition_step_0050_0052_open_door.txt,50,52,open_door,3,pickup,0.932065,0.0
000829,87,transition,87/transition_step_0050_0052_open_door.txt,transition_step_0050_0052_open_door.txt,50,52,open_door,3,toggle,0.94148,0.9
000913,372,off_track,372/off_track/off_track_step_0000_find_key.txt,off_track_step_0000_find_key.txt,0,0,find_key,3,left,0.95099,0.2
000913,372,off_track,372/off_track/off_track_step_0000_find_key.txt,off_track_step_0000_find_key.txt,0,0,find_key,3,right,0.932065,0.2
000913,372,off_track,372/off_track/off_track_step_0000_find_key.txt,off_track_step_0000_find_key.txt,0,0,find_key,3,forward,0.922745,0.7
000913,372,off_track,372/off_track/off_track_step_0000_find_key.txt,off_track_step_0000_find_key.txt,0,0,find_key,3,pickup,0.94148,0.0
000913,372,off_track,372/off_track/off_track_step_0000_find_key.txt,off_track_step_0000_find_key.txt,0,0,find_key,3,toggle,0.94148,0.0
000085,435,intermediate,435/intermediate_step_0012_0014_open_door.txt,intermediate_step_0012_0014_open_door.txt,12,14,open_door,3,left,0.932065,0.0
000085,435,intermediate,435/intermediate_step_0012_0014_open_door.txt,intermediate_step_0012_0014_open_door.txt,12,14,open_door,3,right,0.913517,0.0
000085,435,intermediate,435/intermediate_step_0012_0014_open_door.txt,intermediate_step_0012_0014_open_door.txt,12,14,open_door,3,forward,0.895338,0.1
000085,435,intermediate,435/intermediate_step_0012_0014_open_door.txt,intermediate_step_0012_0014_open_door.txt,12,14,open_door,3,pickup,0.922745,0.0
000085,435,intermediate,435/intermediate_step_0012_0014_open_door.txt,intermediate_step_0012_0014_open_door.txt,12,14,open_door,3,toggle,0.922745,0.9
001561,805,off_track,805/off_track/off_track_step_0000_find_key.txt,off_track_step_0000_find_key.txt,0,0,find_key,3,left,0.95099,1.0
001561,805,off_track,805/off_track/off_track_step_0000_find_key.txt,off_track_step_0000_find_key.txt,0,0,find_key,3,right,0.94148,1.0
001561,805,off_track,805/off_track/off_track_step_0000_find_key.txt,off_track_step_0000_find_key.txt,0,0,find_key,3,forward,0.960596,0.4
001561,805,off_track,805/off_track/off_track_step_0000_find_key.txt,off_track_step_0000_find_key.txt,0,0,find_key,3,pickup,0.95099,0.0
001561,805,off_track,805/off_track/off_track_step_0000_find_key.txt,off_track_step_0000_find_key.txt,0,0,find_key,3,toggle,0.95099,0.0
001189,661,transition,661/transition_step_0026_0028_reach_goal.txt,transition_step_0026_0028_reach_goal.txt,26,28,reach_goal,3,left,0.9801,0.6
001189,661,transition,661/transition_step_0026_0028_reach_goal.txt,transition_step_0026_0028_reach_goal.txt,26,28,reach_goal,3,right,0.9801,0.6
001189,661,transition,661/transition_step_0026_0028_reach_goal.txt,transition_step_0026_0028_reach_goal.txt,26,28,reach_goal,3,forward,1.0,1.0
001189,661,transition,661/transition_step_0026_0028_reach_goal.txt,transition_step_0026_0028_reach_goal.txt,26,28,reach_goal,3,pickup,0.99,0.0
001189,661,transition,661/transition_step_0026_0028_reach_goal.txt,transition_step_0026_0028_reach_goal.txt,26,28,reach_goal,3,toggle,0.99,0.0
001105,130,transition,130/transition_step_0001_0003_find_key.txt,transition_step_0001_0003_find_key.txt,1,3,find_key,3,left,0.877521,0.5
001105,130,transition,130/transition_step_0001_0003_find_key.txt,transition_step_0001_0003_find_key.txt,1,3,find_key,3,right,0.877521,0.5
001105,130,transition,130/transition_step_0001_0003_find_key.txt,transition_step_0001_0003_find_key.txt,1,3,find_key,3,forward,0.886385,0.2
001105,130,transition,130/transition_step_0001_0003_find_key.txt,transition_step_0001_0003_find_key.txt,1,3,find_key,3,pickup,0.895338,1.0
001105,130,transition,130/transition_step_0001_0003_find_key.txt,transition_step_0001_0003_find_key.txt,1,3,find_key,3,toggle,0.886385,0.0
000397,700,off_track,700/off_track/off_track_step_0000_find_key.txt,off_track_step_0000_find_key.txt,0,0,find_key,3,left,0.922745,0.6
000397,700,off_track,700/off_track/off_track_step_0000_find_key.txt,off_track_step_0000_find_key.txt,0,0,find_key,3,right,0.932065,1.0
000397,700,off_track,700/off_track/off_track_step_0000_find_key.txt,off_track_step_0000_find_key.txt,0,0,find_key,3,forward,0.913517,0.0
000397,700,off_track,700/off_track/off_track_step_0000_find_key.txt,off_track_step_0000_find_key.txt,0,0,find_key,3,pickup,0.922745,0.0
000397,700,off_track,700/off_track/off_track_step_0000_find_key.txt,off_track_step_0000_find_key.txt,0,0,find_key,3,toggle,0.922745,0.0
000007,102,transition,102/transition_step_0004_0006_find_key.txt,transition_step_0004_0006_find_key.txt,4,6,find_key,3,left,0.842943,0.4
000007,102,transition,102/transition_step_0004_0006_find_key.txt,transition_step_0004_0006_find_key.txt,4,6,find_key,3,right,0.842943,0.4
000007,102,transition,102/transition_step_0004_0006_find_key.txt,transition_step_0004_0006_find_key.txt,4,6,find_key,3,forward,0.851458,0.9
000007,102,transition,102/transition_step_0004_0006_find_key.txt,transition_step_0004_0006_find_key.txt,4,6,find_key,3,pickup,0.860058,0.0
000007,102,transition,102/transition_step_0004_0006_find_key.txt,transition_step_0004_0006_find_key.txt,4,6,find_key,3,toggle,0.851458,0.0
001387,343,off_track,343/off_track/off_track_step_0000_open_door.txt,off_track_step_0000_open_door.txt,0,0,open_door,3,left,0.904382,0.35
001387,343,off_track,343/off_track/off_track_step_0000_open_door.txt,off_track_step_0000_open_door.txt,0,0,open_door,3,right,0.886385,0.35
001387,343,off_track,343/off_track/off_track_step_0000_open_door.txt,off_track_step_0000_open_door.txt,0,0,open_door,3,forward,0.895338,0.3
001387,343,off_track,343/off_track/off_track_step_0000_open_door.txt,off_track_step_0000_open_door.txt,0,0,open_door,3,pickup,0.895338,0.0
001387,343,off_track,343/off_track/off_track_step_0000_open_door.txt,off_track_step_0000_open_door.txt,0,0,open_door,3,toggle,0.895338,0.0
001201,661,off_track,661/off_track/off_track_step_0000_find_key.txt,off_track_step_0000_find_key.txt,0,0,find_key,3,left,0.960596,0.3
001201,661,off_track,661/off_track/off_track_step_0000_find_key.txt,off_track_step_0000_find_key.txt,0,0,find_key,3,right,0.95099,0.3
001201,661,off_track,661/off_track/off_track_step_0000_find_key.txt,off_track_step_0000_find_key.txt,0,0,find_key,3,forward,0.970299,0.25
001201,661,off_track,661/off_track/off_track_step_0000_find_key.txt,off_track_step_0000_find_key.txt,0,0,find_key,3,pickup,0.960596,0.0
001201,661,off_track,661/off_track/off_track_step_0000_find_key.txt,off_track_step_0000_find_key.txt,0,0,find_key,3,toggle,0.960596,0.0
000607,466,transition,466/transition_step_0094_0096_open_door.txt,transition_step_0094_0096_open_door.txt,94,96,open_door,3,left,0.895338,0.28
000607,466,transition,466/transition_step_0094_0096_open_door.txt,transition_step_0094_0096_open_door.txt,94,96,open_door,3,right,0.895338,0.28
000607,466,transition,466/transition_step_0094_0096_open_door.txt,transition_step_0094_0096_open_door.txt,94,96,open_door,3,forward,0.904382,0.22
000607,466,transition,466/transition_step_0094_0096_open_door.txt,transition_step_0094_0096_open_door.txt,94,96,open_door,3,pickup,0.904382,0.0
000607,466,transition,466/transition_step_0094_0096_open_door.txt,transition_step_0094_0096_open_door.txt,94,96,open_door,3,toggle,0.913517,0.0
001711,955,intermediate,955/intermediate_step_0083_0085_open_door.txt,intermediate_step_0083_0085_open_door.txt,83,85,open_door,3,left,0.877521,0.32
001711,955,intermediate,955/intermediate_step_0083_0085_open_door.txt,intermediate_step_0083_0085_open_door.txt,83,85,open_door,3,right,0.877521,0.32
001711,955,intermediate,955/intermediate_step_0083_0085_open_door.txt,intermediate_step_0083_0085_open_door.txt,83,85,open_door,3,forward,0.868746,0.2
001711,955,intermediate,955/intermediate_step_0083_0085_open_door.txt,intermediate_step_0083_0085_open_door.txt,83,85,open_door,3,pickup,0.868746,0.0
001711,955,intermediate,955/intermediate_step_0083_0085_open_door.txt,intermediate_step_0083_0085_open_door.txt,83,85,open_door,3,toggle,0.868746,0.85
001135,130,intermediate,130/intermediate_step_0057_0059_reach_goal.txt,intermediate_step_0057_0059_reach_goal.txt,57,59,reach_goal,3,left,0.95099,0.3
001135,130,intermediate,130/intermediate_step_0057_0059_reach_goal.txt,intermediate_step_0057_0059_reach_goal.txt,57,59,reach_goal,3,right,0.95099,0.3
001135,130,intermediate,130/intermediate_step_0057_0059_reach_goal.txt,intermediate_step_0057_0059_reach_goal.txt,57,59,reach_goal,3,forward,0.970299,0.65
001135,130,intermediate,130/intermediate_step_0057_0059_reach_goal.txt,intermediate_step_0057_0059_reach_goal.txt,57,59,reach_goal,3,pickup,0.960596,0.0
001135,130,intermediate,130/intermediate_step_0057_0059_reach_goal.txt,intermediate_step_0057_0059_reach_goal.txt,57,59,reach_goal,3,toggle,0.960596,0.9
000403,700,off_track,700/off_track/off_track_step_0000_open_door.txt,off_track_step_0000_open_door.txt,0,0,open_door,3,left,0.922745,0.99
000403,700,off_track,700/off_track/off_track_step_0000_open_door.txt,off_track_step_0000_open_door.txt,0,0,open_door,3,right,0.932065,1.0
000403,700,off_track,700/off_track/off_track_step_0000_open_door.txt,off_track_step_0000_open_door.txt,0,0,open_door,3,forward,0.913517,0.99
000403,700,off_track,700/off_track/off_track_step_0000_open_door.txt,off_track_step_0000_open_door.txt,0,0,open_door,3,pickup,0.922745,0.99
000403,700,off_track,700/off_track/off_track_step_0000_open_door.txt,off_track_step_0000_open_door.txt,0,0,open_door,3,toggle,0.922745,0.99
000199,270,intermediate,270/intermediate_step_0016_0018_open_door.txt,intermediate_step_0016_0018_open_door.txt,16,18,open_door,3,left,0.922745,0.0
000199,270,intermediate,270/intermediate_step_0016_0018_open_door.txt,intermediate_step_0016_0018_open_door.txt,16,18,open_door,3,right,0.94148,0.0
000199,270,intermediate,270/intermediate_step_0016_0018_open_door.txt,intermediate_step_0016_0018_open_door.txt,16,18,open_door,3,forward,0.904382,0.0
000199,270,intermediate,270/intermediate_step_0016_0018_open_door.txt,intermediate_step_0016_0018_open_door.txt,16,18,open_door,3,pickup,0.932065,0.0
000199,270,intermediate,270/intermediate_step_0016_0018_open_door.txt,intermediate_step_0016_0018_open_door.txt,16,18,open_door,3,toggle,0.932065,0.0
000205,270,transition,270/transition_step_0024_0026_reach_goal.txt,transition_step_0024_0026_reach_goal.txt,24,26,reach_goal,3,left,0.9801,0.98
000205,270,transition,270/transition_step_0024_0026_reach_goal.txt,transition_step_0024_0026_reach_goal.txt,24,26,reach_goal,3,right,0.9801,0.98
000205,270,transition,270/transition_step_0024_0026_reach_goal.txt,transition_step_0024_0026_reach_goal.txt,24,26,reach_goal,3,forward,1.0,1.0
000205,270,transition,270/transition_step_0024_0026_reach_goal.txt,transition_step_0024_0026_reach_goal.txt,24,26,reach_goal,3,pickup,0.99,0.99
000205,270,transition,270/transition_step_0024_0026_reach_goal.txt,transition_step_0024_0026_reach_goal.txt,24,26,reach_goal,3,toggle,0.99,0.99
000781,458,transition,458/transition_step_0028_0030_reach_goal.txt,transition_step_0028_0030_reach_goal.txt,28,30,reach_goal,3,left,0.9801,0.98
000781,458,transition,458/transition_step_0028_0030_reach_goal.txt,transition_step_0028_0030_reach_goal.txt,28,30,reach_goal,3,right,0.9801,0.98
000781,458,transition,458/transition_step_0028_0030_reach_goal.txt,transition_step_0028_0030_reach_goal.txt,28,30,reach_goal,3,forward,1.0,1.0
000781,458,transition,458/transition_step_0028_0030_reach_goal.txt,transition_step_0028_0030_reach_goal.txt,28,30,reach_goal,3,pickup,0.99,0.99
000781,458,transition,458/transition_step_0028_0030_reach_goal.txt,transition_step_0028_0030_reach_goal.txt,28,30,reach_goal,3,toggle,0.99,0.99
000577,121,off_track,121/off_track/off_track_step_0000_open_door.txt,off_track_step_0000_open_door.txt,0,0,open_door,3,left,0.860058,1.0
000577,121,off_track,121/off_track/off_track_step_0000_open_door.txt,off_track_step_0000_open_door.txt,0,0,open_door,3,right,0.877521,0.98
000577,121,off_track,121/off_track/off_track_step_0000_open_door.txt,off_track_step_0000_open_door.txt,0,0,open_door,3,forward,0.868746,0.989
000577,121,off_track,121/off_track/off_track_step_0000_open_door.txt,off_track_step_0000_open_door.txt,0,0,open_door,3,pickup,0.868746,0.989
000577,121,off_track,121/off_track/off_track_step_0000_open_door.txt,off_track_step_0000_open_door.txt,0,0,open_door,3,toggle,0.868746,0.989
001639,191,worst,191/worst_step_0000_find_key.txt,worst_step_0000_find_key.txt,0,0,find_key,1,left,0.826169,0.05
001639,191,worst,191/worst_step_0000_find_key.txt,worst_step_0000_find_key.txt,0,0,find_key,1,right,0.826169,0.6
001639,191,worst,191/worst_step_0000_find_key.txt,worst_step_0000_find_key.txt,0,0,find_key,1,forward,0.817907,0.1
001639,191,worst,191/worst_step_0000_find_key.txt,worst_step_0000_find_key.txt,0,0,find_key,1,pickup,0.817907,0.02
001639,191,worst,191/worst_step_0000_find_key.txt,worst_step_0000_find_key.txt,0,0,find_key,1,toggle,0.817907,0.0
000967,99,intermediate,99/intermediate_step_0042_0044_reach_goal.txt,intermediate_step_0042_0044_reach_goal.txt,42,44,reach_goal,3,left,0.960596,0.2
000967,99,intermediate,99/intermediate_step_0042_0044_reach_goal.txt,intermediate_step_0042_0044_reach_goal.txt,42,44,reach_goal,3,right,0.960596,0.05
000967,99,intermediate,99/intermediate_step_0042_0044_reach_goal.txt,intermediate_step_0042_0044_reach_goal.txt,42,44,reach_goal,3,forward,0.9801,0.97
000967,99,intermediate,99/intermediate_step_0042_0044_reach_goal.txt,intermediate_step_0042_0044_reach_goal.txt,42,44,reach_goal,3,pickup,0.970299,0.0
000967,99,intermediate,99/intermediate_step_0042_0044_reach_goal.txt,intermediate_step_0042_0044_reach_goal.txt,42,44,reach_goal,3,toggle,0.970299,0.0
001111,130,intermediate,130/intermediate_step_0000_0000_find_key.txt,intermediate_step_0000_0000_find_key.txt,0,0,find_key,1,left,0.860058,0.1
001111,130,intermediate,130/intermediate_step_0000_0000_find_key.txt,intermediate_step_0000_0000_find_key.txt,0,0,find_key,1,right,0.877521,0.7
001111,130,intermediate,130/intermediate_step_0000_0000_find_key.txt,intermediate_step_0000_0000_find_key.txt,0,0,find_key,1,forward,0.860058,0.2
001111,130,intermediate,130/intermediate_step_0000_0000_find_key.txt,intermediate_step_0000_0000_find_key.txt,0,0,find_key,1,pickup,0.868746,0.05
001111,130,intermediate,130/intermediate_step_0000_0000_find_key.txt,intermediate_step_0000_0000_find_key.txt,0,0,find_key,1,toggle,0.868746,0.0
001525,805,transition,805/transition_step_0050_0052_find_key.txt,transition_step_0050_0052_find_key.txt,50,52,find_key,3,left,0.868746,0.2
001525,805,transition,805/transition_step_0050_0052_find_key.txt,transition_step_0050_0052_find_key.txt,50,52,find_key,3,right,0.868746,0.1
001525,805,transition,805/transition_step_0050_0052_find_key.txt,transition_step_0050_0052_find_key.txt,50,52,find_key,3,forward,0.877521,0.6
001525,805,transition,805/transition_step_0050_0052_find_key.txt,transition_step_0050_0052_find_key.txt,50,52,find_key,3,pickup,0.886385,0.95
001525,805,transition,805/transition_step_0050_0052_find_key.txt,transition_step_0050_0052_find_key.txt,50,52,find_key,3,toggle,0.877521,0.0
001315,769,intermediate,769/intermediate_step_0028_0030_reach_goal.txt,intermediate_step_0028_0030_reach_goal.txt,28,30,reach_goal,3,left,0.960596,0.15
001315,769,intermediate,769/intermediate_step_0028_0030_reach_goal.txt,intermediate_step_0028_0030_reach_goal.txt,28,30,reach_goal,3,right,0.960596,0.05
001315,769,intermediate,769/intermediate_step_0028_0030_reach_goal.txt,intermediate_step_0028_0030_reach_goal.txt,28,30,reach_goal,3,forward,0.9801,0.95
001315,769,intermediate,769/intermediate_step_0028_0030_reach_goal.txt,intermediate_step_0028_0030_reach_goal.txt,28,30,reach_goal,3,pickup,0.970299,0.0
001315,769,intermediate,769/intermediate_step_0028_0030_reach_goal.txt,intermediate_step_0028_0030_reach_goal.txt,28,30,reach_goal,3,toggle,0.970299,0.0
001489,413,transition,413/transition_step_0022_0024_reach_goal.txt,transition_step_0022_0024_reach_goal.txt,22,24,reach_goal,3,left,0.9801,0.99
001489,413,transition,413/transition_step_0022_0024_reach_goal.txt,transition_step_0022_0024_reach_goal.txt,22,24,reach_goal,3,right,0.9801,0.99
001489,413,transition,413/transition_step_0022_0024_reach_goal.txt,transition_step_0022_0024_reach_goal.txt,22,24,reach_goal,3,forward,1.0,1.0
001489,413,transition,413/transition_step_0022_0024_reach_goal.txt,transition_step_0022_0024_reach_goal.txt,22,24,reach_goal,3,pickup,0.99,0.0
001489,413,transition,413/transition_step_0022_0024_reach_goal.txt,transition_step_0022_0024_reach_goal.txt,22,24,reach_goal,3,toggle,0.99,0.0
001417,491,transition,491/transition_step_0059_0061_open_door.txt,transition_step_0059_0061_open_door.txt,59,61,open_door,3,left,0.913517,0.93
001417,491,transition,491/transition_step_0059_0061_open_door.txt,transition_step_0059_0061_open_door.txt,59,61,open_door,3,right,0.913517,0.93
001417,491,transition,491/transition_step_0059_0061_open_door.txt,transition_step_0059_0061_open_door.txt,59,61,open_door,3,forward,0.922745,0.0
001417,491,transition,491/transition_step_0059_0061_open_door.txt,transition_step_0059_0061_open_door.txt,59,61,open_door,3,pickup,0.922745,0.0
001417,491,transition,491/transition_step_0059_0061_open_door.txt,transition_step_0059_0061_open_door.txt,59,61,open_door,3,toggle,0.932065,0.94
000055,102,off_track,102/off_track/off_track_step_0000_reach_goal.txt,off_track_step_0000_reach_goal.txt,0,0,reach_goal,3,left,0.922745,0.91
000055,102,off_track,102/off_track/off_track_step_0000_reach_goal.txt,off_track_step_0000_reach_goal.txt,0,0,reach_goal,3,right,0.913517,0.0
000055,102,off_track,102/off_track/off_track_step_0000_reach_goal.txt,off_track_step_0000_reach_goal.txt,0,0,reach_goal,3,forward,0.913517,0.92
000055,102,off_track,102/off_track/off_track_step_0000_reach_goal.txt,off_track_step_0000_reach_goal.txt,0,0,reach_goal,3,pickup,0.913517,0.0
000055,102,off_track,102/off_track/off_track_step_0000_reach_goal.txt,off_track_step_0000_reach_goal.txt,0,0,reach_goal,3,toggle,0.913517,0.0
000145,860,intermediate,860/intermediate_step_0016_0018_open_door.txt,intermediate_step_0016_0018_open_door.txt,16,18,open_door,3,left,0.95099,0.94
000145,860,intermediate,860/intermediate_step_0016_0018_open_door.txt,intermediate_step_0016_0018_open_door.txt,16,18,open_door,3,right,0.932065,0.0
000145,860,intermediate,860/intermediate_step_0016_0018_open_door.txt,intermediate_step_0016_0018_open_door.txt,16,18,open_door,3,forward,0.913517,0.0
000145,860,intermediate,860/intermediate_step_0016_0018_open_door.txt,intermediate_step_0016_0018_open_door.txt,16,18,open_door,3,pickup,0.94148,0.0
000145,860,intermediate,860/intermediate_step_0016_0018_open_door.txt,intermediate_step_0016_0018_open_door.txt,16,18,open_door,3,toggle,0.94148,0.95
000631,466,off_track,466/off_track/off_track_step_0000_find_key.txt,off_track_step_0000_find_key.txt,0,0,find_key,3,left,0.895338,0.868
000631,466,off_track,466/off_track/off_track_step_0000_find_key.txt,off_track_step_0000_find_key.txt,0,0,find_key,3,right,0.877521,0.4
000631,466,off_track,466/off_track/off_track_step_0000_find_key.txt,off_track_step_0000_find_key.txt,0,0,find_key,3,forward,0.860058,0.868
000631,466,off_track,466/off_track/off_track_step_0000_find_key.txt,off_track_step_0000_find_key.txt,0,0,find_key,3,pickup,0.886385,0.0
000631,466,off_track,466/off_track/off_track_step_0000_find_key.txt,off_track_step_0000_find_key.txt,0,0,find_key,3,toggle,0.886385,0.0
000757,458,transition,458/transition_step_0005_0007_find_key.txt,transition_step_0005_0007_find_key.txt,5,7,find_key,3,left,0.860058,0.2
000757,458,transition,458/transition_step_0005_0007_find_key.txt,transition_step_0005_0007_find_key.txt,5,7,find_key,3,right,0.860058,0.2
000757,458,transition,458/transition_step_0005_0007_find_key.txt,transition_step_0005_0007_find_key.txt,5,7,find_key,3,forward,0.868746,0.8
000757,458,transition,458/transition_step_0005_0007_find_key.txt,transition_step_0005_0007_find_key.txt,5,7,find_key,3,pickup,0.877521,1.0
000757,458,transition,458/transition_step_0005_0007_find_key.txt,transition_step_0005_0007_find_key.txt,5,7,find_key,3,toggle,0.868746,0.0
000493,614,intermediate,614/intermediate_step_0046_0048_open_door.txt,intermediate_step_0046_0048_open_door.txt,46,48,open_door,3,left,0.895338,0.2
000493,614,intermediate,614/intermediate_step_0046_0048_open_door.txt,intermediate_step_0046_0048_open_door.txt,46,48,open_door,3,right,0.913517,1.0
000493,614,intermediate,614/intermediate_step_0046_0048_open_door.txt,intermediate_step_0046_0048_open_door.txt,46,48,open_door,3,forward,0.877521,0.4
000493,614,intermediate,614/intermediate_step_0046_0048_open_door.txt,intermediate_step_0046_0048_open_door.txt,46,48,open_door,3,pickup,0.904382,0.0
000493,614,intermediate,614/intermediate_step_0046_0048_open_door.txt,intermediate_step_0046_0048_open_door.txt,46,48,open_door,3,toggle,0.904382,0.8
000229,270,off_track,270/off_track/off_track_step_0000_reach_goal.txt,off_track_step_0000_reach_goal.txt,0,0,reach_goal,3,left,0.895338,0.1
000229,270,off_track,270/off_track/off_track_step_0000_reach_goal.txt,off_track_step_0000_reach_goal.txt,0,0,reach_goal,3,right,0.895338,1.0
000229,270,off_track,270/off_track/off_track_step_0000_reach_goal.txt,off_track_step_0000_reach_goal.txt,0,0,reach_goal,3,forward,0.877521,0.2
000229,270,off_track,270/off_track/off_track_step_0000_reach_goal.txt,off_track_step_0000_reach_goal.txt,0,0,reach_goal,3,pickup,0.886385,0.0
000229,270,off_track,270/off_track/off_track_step_0000_reach_goal.txt,off_track_step_0000_reach_goal.txt,0,0,reach_goal,3,toggle,0.886385,0.0
000391,700,intermediate,700/intermediate_step_0032_0034_reach_goal.txt,intermediate_step_0032_0034_reach_goal.txt,32,34,reach_goal,3,left,0.95099,0.1
000391,700,intermediate,700/intermediate_step_0032_0034_reach_goal.txt,intermediate_step_0032_0034_reach_goal.txt,32,34,reach_goal,3,right,0.970299,1.0
000391,700,intermediate,700/intermediate_step_0032_0034_reach_goal.txt,intermediate_step_0032_0034_reach_goal.txt,32,34,reach_goal,3,forward,0.960596,0.0
000391,700,intermediate,700/intermediate_step_0032_0034_reach_goal.txt,intermediate_step_0032_0034_reach_goal.txt,32,34,reach_goal,3,pickup,0.960596,0.0
000391,700,intermediate,700/intermediate_step_0032_0034_reach_goal.txt,intermediate_step_0032_0034_reach_goal.txt,32,34,reach_goal,3,toggle,0.960596,0.0
000979,99,off_track,99/off_track/off_track_step_0000_open_door.txt,off_track_step_0000_open_door.txt,0,0,open_door,3,left,0.851458,1.0
000979,99,off_track,99/off_track/off_track_step_0000_open_door.txt,off_track_step_0000_open_door.txt,0,0,open_door,3,right,0.851458,0.1
000979,99,off_track,99/off_track/off_track_step_0000_open_door.txt,off_track_step_0000_open_door.txt,0,0,open_door,3,forward,0.868746,0.5
000979,99,off_track,99/off_track/off_track_step_0000_open_door.txt,off_track_step_0000_open_door.txt,0,0,open_door,3,pickup,0.860058,0.0
000979,99,off_track,99/off_track/off_track_step_0000_open_door.txt,off_track_step_0000_open_door.txt,0,0,open_door,3,toggle,0.860058,0.0
000307,71,intermediate,71/intermediate_step_0000_0000_find_key.txt,intermediate_step_0000_0000_find_key.txt,0,0,find_key,1,left,0.886385,0.2
000307,71,intermediate,71/intermediate_step_0000_0000_find_key.txt,intermediate_step_0000_0000_find_key.txt,0,0,find_key,1,right,0.886385,0.9
000307,71,intermediate,71/intermediate_step_0000_0000_find_key.txt,intermediate_step_0000_0000_find_key.txt,0,0,find_key,1,forward,0.877521,0.1
000307,71,intermediate,71/intermediate_step_0000_0000_find_key.txt,intermediate_step_0000_0000_find_key.txt,0,0,find_key,1,pickup,0.877521,0.0
000307,71,intermediate,71/intermediate_step_0000_0000_find_key.txt,intermediate_step_0000_0000_find_key.txt,0,0,find_key,1,toggle,0.877521,0.0
000331,71,intermediate,71/intermediate_step_0009_0011_reach_goal.txt,intermediate_step_0009_0011_reach_goal.txt,9,11,reach_goal,3,left,0.970299,0.2
000331,71,intermediate,71/intermediate_step_0009_0011_reach_goal.txt,intermediate_step_0009_0011_reach_goal.txt,9,11,reach_goal,3,right,0.970299,0.2
000331,71,intermediate,71/intermediate_step_0009_0011_reach_goal.txt,intermediate_step_0009_0011_reach_goal.txt,9,11,reach_goal,3,forward,0.99,0.9
000331,71,intermediate,71/intermediate_step_0009_0011_reach_goal.txt,intermediate_step_0009_0011_reach_goal.txt,9,11,reach_goal,3,pickup,0.9801,0.0
000331,71,intermediate,71/intermediate_step_0009_0011_reach_goal.txt,intermediate_step_0009_0011_reach_goal.txt,9,11,reach_goal,3,toggle,0.9801,0.0
000637,466,off_track,466/off_track/off_track_step_0000_open_door.txt,off_track_step_0000_open_door.txt,0,0,open_door,3,left,0.895338,0.1
000637,466,off_track,466/off_track/off_track_step_0000_open_door.txt,off_track_step_0000_open_door.txt,0,0,open_door,3,right,0.877521,0.9
000637,466,off_track,466/off_track/off_track_step_0000_open_door.txt,off_track_step_0000_open_door.txt,0,0,open_door,3,forward,0.860058,0.0
000637,466,off_track,466/off_track/off_track_step_0000_open_door.txt,off_track_step_0000_open_door.txt,0,0,open_door,3,pickup,0.886385,0.0
000637,466,off_track,466/off_track/off_track_step_0000_open_door.txt,off_track_step_0000_open_door.txt,0,0,open_door,3,toggle,0.886385,0.0
001123,130,intermediate,130/intermediate_step_0052_0054_open_door.txt,intermediate_step_0052_0054_open_door.txt,52,54,open_door,3,left,0.94148,0.8
001123,130,intermediate,130/intermediate_step_0052_0054_open_door.txt,intermediate_step_0052_0054_open_door.txt,52,54,open_door,3,right,0.922745,0.1
001123,130,intermediate,130/intermediate_step_0052_0054_open_door.txt,intermediate_step_0052_0054_open_door.txt,52,54,open_door,3,forward,0.904382,0.3
001123,130,intermediate,130/intermediate_step_0052_0054_open_door.txt,intermediate_step_0052_0054_open_door.txt,52,54,open_door,3,pickup,0.932065,0.0
001123,130,intermediate,130/intermediate_step_0052_0054_open_door.txt,intermediate_step_0052_0054_open_door.txt,52,54,open_door,3,toggle,0.932065,0.2
001591,385,intermediate,385/intermediate_step_0003_0005_find_key.txt,intermediate_step_0003_0005_find_key.txt,3,5,find_key,3,left,0.895338,0.9
001591,385,intermediate,385/intermediate_step_0003_0005_find_key.txt,intermediate_step_0003_0005_find_key.txt,3,5,find_key,3,right,0.877521,0.1
001591,385,intermediate,385/intermediate_step_0003_0005_find_key.txt,intermediate_step_0003_0005_find_key.txt,3,5,find_key,3,forward,0.895338,0.0
001591,385,intermediate,385/intermediate_step_0003_0005_find_key.txt,intermediate_step_0003_0005_find_key.txt,3,5,find_key,3,pickup,0.886385,0.0
001591,385,intermediate,385/intermediate_step_0003_0005_find_key.txt,intermediate_step_0003_0005_find_key.txt,3,5,find_key,3,toggle,0.886385,0.0
000859,87,off_track,87/off_track/off_track_step_0000_open_door.txt,off_track_step_0000_open_door.txt,0,0,open_door,3,left,0.94148,1.0
000859,87,off_track,87/off_track/off_track_step_0000_open_door.txt,off_track_step_0000_open_door.txt,0,0,open_door,3,right,0.932065,0.0
000859,87,off_track,87/off_track/off_track_step_0000_open_door.txt,off_track_step_0000_open_door.txt,0,0,open_door,3,forward,0.95099,0.6
000859,87,off_track,87/off_track/off_track_step_0000_open_door.txt,off_track_step_0000_open_door.txt,0,0,open_door,3,pickup,0.94148,0.0
000859,87,off_track,87/off_track/off_track_step_0000_open_door.txt,off_track_step_0000_open_door.txt,0,0,open_door,3,toggle,0.94148,0.0
000655,214,transition,214/transition_step_0001_0003_find_key.txt,transition_step_0001_0003_find_key.txt,1,3,find_key,3,left,0.868746,0.0
000655,214,transition,214/transition_step_0001_0003_find_key.txt,transition_step_0001_0003_find_key.txt,1,3,find_key,3,right,0.868746,0.0
000655,214,transition,214/transition_step_0001_0003_find_key.txt,transition_step_0001_0003_find_key.txt,1,3,find_key,3,forward,0.877521,1.0
000655,214,transition,214/transition_step_0001_0003_find_key.txt,transition_step_0001_0003_find_key.txt,1,3,find_key,3,pickup,0.886385,0.0
000655,214,transition,214/transition_step_0001_0003_find_key.txt,transition_step_0001_0003_find_key.txt,1,3,find_key,3,toggle,0.877521,0.0
001513,413,off_track,413/off_track/off_track_step_0000_reach_goal.txt,off_track_step_0000_reach_goal.txt,0,0,reach_goal,3,left,0.886385,1.0
001513,413,off_track,413/off_track/off_track_step_0000_reach_goal.txt,off_track_step_0000_reach_goal.txt,0,0,reach_goal,3,right,0.886385,0.0
001513,413,off_track,413/off_track/off_track_step_0000_reach_goal.txt,off_track_step_0000_reach_goal.txt,0,0,reach_goal,3,forward,0.868746,0.0
001513,413,off_track,413/off_track/off_track_step_0000_reach_goal.txt,off_track_step_0000_reach_goal.txt,0,0,reach_goal,3,pickup,0.877521,0.0
001513,413,off_track,413/off_track/off_track_step_0000_reach_goal.txt,off_track_step_0000_reach_goal.txt,0,0,reach_goal,3,toggle,0.877521,0.0
000421,20,transition,20/transition_step_0194_0196_find_key.txt,transition_step_0194_0196_find_key.txt,194,196,find_key,3,left,0.860058,0.0
000421,20,transition,20/transition_step_0194_0196_find_key.txt,transition_step_0194_0196_find_key.txt,194,196,find_key,3,right,0.860058,0.0
000421,20,transition,20/transition_step_0194_0196_find_key.txt,transition_step_0194_0196_find_key.txt,194,196,find_key,3,forward,0.868746,1.0
000421,20,transition,20/transition_step_0194_0196_find_key.txt,transition_step_0194_0196_find_key.txt,194,196,find_key,3,pickup,0.877521,0.0
000421,20,transition,20/transition_step_0194_0196_find_key.txt,transition_step_0194_0196_find_key.txt,194,196,find_key,3,toggle,0.868746,0.0
001663,191,intermediate,191/intermediate_step_0040_0042_open_door.txt,intermediate_step_0040_0042_open_door.txt,40,42,open_door,3,left,0.868746,0.0
001663,191,intermediate,191/intermediate_step_0040_0042_open_door.txt,intermediate_step_0040_0042_open_door.txt,40,42,open_door,3,right,0.886385,0.8
001663,191,intermediate,191/intermediate_step_0040_0042_open_door.txt,intermediate_step_0040_0042_open_door.txt,40,42,open_door,3,forward,0.877521,0.0
001663,191,intermediate,191/intermediate_step_0040_0042_open_door.txt,intermediate_step_0040_0042_open_door.txt,40,42,open_door,3,pickup,0.877521,0.0
001663,191,intermediate,191/intermediate_step_0040_0042_open_door.txt,intermediate_step_0040_0042_open_door.txt,40,42,open_door,3,toggle,0.877521,0.0
000289,106,off_track,106/off_track/off_track_step_0000_reach_goal.txt,off_track_step_0000_reach_goal.txt,0,0,reach_goal,3,left,0.932065,0.9
000289,106,off_track,106/off_track/off_track_step_0000_reach_goal.txt,off_track_step_0000_reach_goal.txt,0,0,reach_goal,3,right,0.922745,0.2
000289,106,off_track,106/off_track/off_track_step_0000_reach_goal.txt,off_track_step_0000_reach_goal.txt,0,0,reach_goal,3,forward,0.922745,0.1
000289,106,off_track,106/off_track/off_track_step_0000_reach_goal.txt,off_track_step_0000_reach_goal.txt,0,0,reach_goal,3,pickup,0.922745,0.3
000289,106,off_track,106/off_track/off_track_step_0000_reach_goal.txt,off_track_step_0000_reach_goal.txt,0,0,reach_goal,3,toggle,0.922745,0.2
001381,343,off_track,343/off_track/off_track_step_0000_find_key.txt,off_track_step_0000_find_key.txt,0,0,find_key,3,left,0.904382,0.2
001381,343,off_track,343/off_track/off_track_step_0000_find_key.txt,off_track_step_0000_find_key.txt,0,0,find_key,3,right,0.886385,0.2
001381,343,off_track,343/off_track/off_track_step_0000_find_key.txt,off_track_step_0000_find_key.txt,0,0,find_key,3,forward,0.895338,0.9
001381,343,off_track,343/off_track/off_track_step_0000_find_key.txt,off_track_step_0000_find_key.txt,0,0,find_key,3,pickup,0.895338,0.1
001381,343,off_track,343/off_track/off_track_step_0000_find_key.txt,off_track_step_0000_find_key.txt,0,0,find_key,3,toggle,0.895338,0.0
000049,102,off_track,102/off_track/off_track_step_0000_open_door.txt,off_track_step_0000_open_door.txt,0,0,open_door,3,left,0.922745,0.2
000049,102,off_track,102/off_track/off_track_step_0000_open_door.txt,off_track_step_0000_open_door.txt,0,0,open_door,3,right,0.913517,0.2
000049,102,off_track,102/off_track/off_track_step_0000_open_door.txt,off_track_step_0000_open_door.txt,0,0,open_door,3,forward,0.913517,0.85
000049,102,off_track,102/off_track/off_track_step_0000_open_door.txt,off_track_step_0000_open_door.txt,0,0,open_door,3,pickup,0.913517,0.1
000049,102,off_track,102/off_track/off_track_step_0000_open_door.txt,off_track_step_0000_open_door.txt,0,0,open_door,3,toggle,0.913517,0.0
000025,102,intermediate,102/intermediate_step_0036_0038_open_door.txt,intermediate_step_0036_0038_open_door.txt,36,38,open_door,3,left,0.904382,0.9
000025,102,intermediate,102/intermediate_step_0036_0038_open_door.txt,intermediate_step_0036_0038_open_door.txt,36,38,open_door,3,right,0.886385,0.2
000025,102,intermediate,102/intermediate_step_0036_0038_open_door.txt,intermediate_step_0036_0038_open_door.txt,36,38,open_door,3,forward,0.868746,0.4
000025,102,intermediate,102/intermediate_step_0036_0038_open_door.txt,intermediate_step_0036_0038_open_door.txt,36,38,open_door,3,pickup,0.895338,0.1
000025,102,intermediate,102/intermediate_step_0036_0038_open_door.txt,intermediate_step_0036_0038_open_door.txt,36,38,open_door,3,toggle,0.895338,0.3
000433,20,transition,20/transition_step_0271_0273_open_door.txt,transition_step_0271_0273_open_door.txt,271,273,open_door,3,left,0.94148,0.85
000433,20,transition,20/transition_step_0271_0273_open_door.txt,transition_step_0271_0273_open_door.txt,271,273,open_door,3,right,0.94148,0.2
000433,20,transition,20/transition_step_0271_0273_open_door.txt,transition_step_0271_0273_open_door.txt,271,273,open_door,3,forward,0.95099,0.4
000433,20,transition,20/transition_step_0271_0273_open_door.txt,transition_step_0271_0273_open_door.txt,271,273,open_door,3,pickup,0.95099,0.0
000433,20,transition,20/transition_step_0271_0273_open_door.txt,transition_step_0271_0273_open_door.txt,271,273,open_door,3,toggle,0.960596,0.1
000895,372,intermediate,372/intermediate_step_0148_0150_open_door.txt,intermediate_step_0148_0150_open_door.txt,148,150,open_door,3,left,0.922745,0.0
000895,372,intermediate,372/intermediate_step_0148_0150_open_door.txt,intermediate_step_0148_0150_open_door.txt,148,150,open_door,3,right,0.922745,0.0
000895,372,intermediate,372/intermediate_step_0148_0150_open_door.txt,intermediate_step_0148_0150_open_door.txt,148,150,open_door,3,forward,0.94148,1.0
000895,372,intermediate,372/intermediate_step_0148_0150_open_door.txt,intermediate_step_0148_0150_open_door.txt,148,150,open_door,3,pickup,0.932065,0.0
000895,372,intermediate,372/intermediate_step_0148_0150_open_door.txt,intermediate_step_0148_0150_open_door.txt,148,150,open_door,3,toggle,0.932065,0.0
001345,343,transition,343/transition_step_0001_0003_find_key.txt,transition_step_0001_0003_find_key.txt,1,3,find_key,3,left,0.860058,0.0
001345,343,transition,343/transition_step_0001_0003_find_key.txt,transition_step_0001_0003_find_key.txt,1,3,find_key,3,right,0.860058,0.0
001345,343,transition,343/transition_step_0001_0003_find_key.txt,transition_step_0001_0003_find_key.txt,1,3,find_key,3,forward,0.868746,0.0
001345,343,transition,343/transition_step_0001_0003_find_key.txt,transition_step_0001_0003_find_key.txt,1,3,find_key,3,pickup,0.877521,1.0
001345,343,transition,343/transition_step_0001_0003_find_key.txt,transition_step_0001_0003_find_key.txt,1,3,find_key,3,toggle,0.868746,0.0
001177,661,transition,661/transition_step_0018_0020_open_door.txt,transition_step_0018_0020_open_door.txt,18,20,open_door,3,left,0.904382,0.0
001177,661,transition,661/transition_step_0018_0020_open_door.txt,transition_step_0018_0020_open_door.txt,18,20,open_door,3,right,0.904382,0.0
001177,661,transition,661/transition_step_0018_0020_open_door.txt,transition_step_0018_0020_open_door.txt,18,20,open_door,3,forward,0.913517,0.0
001177,661,transition,661/transition_step_0018_0020_open_door.txt,transition_step_0018_0020_open_door.txt,18,20,open_door,3,pickup,0.913517,0.0
001177,661,transition,661/transition_step_0018_0020_open_door.txt,transition_step_0018_0020_open_door.txt,18,20,open_door,3,toggle,0.922745,1.0
000547,121,transition,121/transition_step_0083_0085_open_door.txt,transition_step_0083_0085_open_door.txt,83,85,open_door,3,left,0.886385,0.0
000547,121,transition,121/transition_step_0083_0085_open_door.txt,transition_step_0083_0085_open_door.txt,83,85,open_door,3,right,0.886385,0.0
000547,121,transition,121/transition_step_0083_0085_open_door.txt,transition_step_0083_0085_open_door.txt,83,85,open_door,3,forward,0.895338,0.0
000547,121,transition,121/transition_step_0083_0085_open_door.txt,transition_step_0083_0085_open_door.txt,83,85,open_door,3,pickup,0.895338,0.0
000547,121,transition,121/transition_step_0083_0085_open_door.txt,transition_step_0083_0085_open_door.txt,83,85,open_door,3,toggle,0.904382,1.0
001645,191,transition,191/transition_step_0002_0004_find_key.txt,transition_step_0002_0004_find_key.txt,2,4,find_key,3,left,0.834514,0.0
001645,191,transition,191/transition_step_0002_0004_find_key.txt,transition_step_0002_0004_find_key.txt,2,4,find_key,3,right,0.834514,0.0
001645,191,transition,191/transition_step_0002_0004_find_key.txt,transition_step_0002_0004_find_key.txt,2,4,find_key,3,forward,0.842943,0.0
001645,191,transition,191/transition_step_0002_0004_find_key.txt,transition_step_0002_0004_find_key.txt,2,4,find_key,3,pickup,0.851458,1.0
001645,191,transition,191/transition_step_0002_0004_find_key.txt,transition_step_0002_0004_find_key.txt,2,4,find_key,3,toggle,0.842943,0.0
001585,385,transition,385/transition_step_0006_0008_find_key.txt,transition_step_0006_0008_find_key.txt,6,8,find_key,3,left,0.904382,0.1
001585,385,transition,385/transition_step_0006_0008_find_key.txt,transition_step_0006_0008_find_key.txt,6,8,find_key,3,right,0.904382,0.1
001585,385,transition,385/transition_step_0006_0008_find_key.txt,transition_step_0006_0008_find_key.txt,6,8,find_key,3,forward,0.913517,0.6
001585,385,transition,385/transition_step_0006_0008_find_key.txt,transition_step_0006_0008_find_key.txt,6,8,find_key,3,pickup,0.922745,1.0
001585,385,transition,385/transition_step_0006_0008_find_key.txt,transition_step_0006_0008_find_key.txt,6,8,find_key,3,toggle,0.913517,0.2
000937,99,transition,99/transition_step_0006_0008_find_key.txt,transition_step_0006_0008_find_key.txt,6,8,find_key,3,left,0.860058,0.1
000937,99,transition,99/transition_step_0006_0008_find_key.txt,transition_step_0006_0008_find_key.txt,6,8,find_key,3,right,0.860058,0.1
000937,99,transition,99/transition_step_0006_0008_find_key.txt,transition_step_0006_0008_find_key.txt,6,8,find_key,3,forward,0.868746,0.5
000937,99,transition,99/transition_step_0006_0008_find_key.txt,transition_step_0006_0008_find_key.txt,6,8,find_key,3,pickup,0.877521,1.0
000937,99,transition,99/transition_step_0006_0008_find_key.txt,transition_step_0006_0008_find_key.txt,6,8,find_key,3,toggle,0.868746,0.2
000997,871,transition,871/transition_step_0000_0002_find_key.txt,transition_step_0000_0002_find_key.txt,0,2,find_key,3,left,0.877521,0.1
000997,871,transition,871/transition_step_0000_0002_find_key.txt,transition_step_0000_0002_find_key.txt,0,2,find_key,3,right,0.877521,0.1
000997,871,transition,871/transition_step_0000_0002_find_key.txt,transition_step_0000_0002_find_key.txt,0,2,find_key,3,forward,0.886385,0.5
000997,871,transition,871/transition_step_0000_0002_find_key.txt,transition_step_0000_0002_find_key.txt,0,2,find_key,3,pickup,0.895338,1.0
000997,871,transition,871/transition_step_0000_0002_find_key.txt,transition_step_0000_0002_find_key.txt,0,2,find_key,3,toggle,0.886385,0.2
000553,121,intermediate,121/intermediate_step_0080_0082_open_door.txt,intermediate_step_0080_0082_open_door.txt,80,82,open_door,3,left,0.877521,0.05
000553,121,intermediate,121/intermediate_step_0080_0082_open_door.txt,intermediate_step_0080_0082_open_door.txt,80,82,open_door,3,right,0.895338,1.0
000553,121,intermediate,121/intermediate_step_0080_0082_open_door.txt,intermediate_step_0080_0082_open_door.txt,80,82,open_door,3,forward,0.886385,0.0
000553,121,intermediate,121/intermediate_step_0080_0082_open_door.txt,intermediate_step_0080_0082_open_door.txt,80,82,open_door,3,pickup,0.886385,0.0
000553,121,intermediate,121/intermediate_step_0080_0082_open_door.txt,intermediate_step_0080_0082_open_door.txt,80,82,open_door,3,toggle,0.886385,0.2
001621,385,off_track,385/off_track/off_track_step_0000_find_key.txt,off_track_step_0000_find_key.txt,0,0,find_key,3,left,0.904382,0.4
001621,385,off_track,385/off_track/off_track_step_0000_find_key.txt,off_track_step_0000_find_key.txt,0,0,find_key,3,right,0.922745,0.3
001621,385,off_track,385/off_track/off_track_step_0000_find_key.txt,off_track_step_0000_find_key.txt,0,0,find_key,3,forward,0.922745,0.1
001621,385,off_track,385/off_track/off_track_step_0000_find_key.txt,off_track_step_0000_find_key.txt,0,0,find_key,3,pickup,0.913517,0.0
001621,385,off_track,385/off_track/off_track_step_0000_find_key.txt,off_track_step_0000_find_key.txt,0,0,find_key,3,toggle,0.913517,0.05
000247,106,intermediate,106/intermediate_step_0001_0003_find_key.txt,intermediate_step_0001_0003_find_key.txt,1,3,find_key,3,left,0.842943,0.825
000247,106,intermediate,106/intermediate_step_0001_0003_find_key.txt,intermediate_step_0001_0003_find_key.txt,1,3,find_key,3,right,0.842943,0.808
000247,106,intermediate,106/intermediate_step_0001_0003_find_key.txt,intermediate_step_0001_0003_find_key.txt,1,3,find_key,3,forward,0.860058,0.842
000247,106,intermediate,106/intermediate_step_0001_0003_find_key.txt,intermediate_step_0001_0003_find_key.txt,1,3,find_key,3,pickup,0.851458,0.833
000247,106,intermediate,106/intermediate_step_0001_0003_find_key.txt,intermediate_step_0001_0003_find_key.txt,1,3,find_key,3,toggle,0.851458,0.833
000841,87,transition,87/transition_step_0056_0058_reach_goal.txt,transition_step_0056_0058_reach_goal.txt,56,58,reach_goal,3,left,0.9801,0.97
000841,87,transition,87/transition_step_0056_0058_reach_goal.txt,transition_step_0056_0058_reach_goal.txt,56,58,reach_goal,3,right,0.9801,0.97
000841,87,transition,87/transition_step_0056_0058_reach_goal.txt,transition_step_0056_0058_reach_goal.txt,56,58,reach_goal,3,forward,1.0,0.99
000841,87,transition,87/transition_step_0056_0058_reach_goal.txt,transition_step_0056_0058_reach_goal.txt,56,58,reach_goal,3,pickup,0.99,0.98
000841,87,transition,87/transition_step_0056_0058_reach_goal.txt,transition_step_0056_0058_reach_goal.txt,56,58,reach_goal,3,toggle,0.99,0.98
000727,330,intermediate,330/intermediate_step_0017_0019_reach_goal.txt,intermediate_step_0017_0019_reach_goal.txt,17,19,reach_goal,3,left,0.970299,0.97
000727,330,intermediate,330/intermediate_step_0017_0019_reach_goal.txt,intermediate_step_0017_0019_reach_goal.txt,17,19,reach_goal,3,right,0.95099,0.951
000727,330,intermediate,330/intermediate_step_0017_0019_reach_goal.txt,intermediate_step_0017_0019_reach_goal.txt,17,19,reach_goal,3,forward,0.94148,0.941
000727,330,intermediate,330/intermediate_step_0017_0019_reach_goal.txt,intermediate_step_0017_0019_reach_goal.txt,17,19,reach_goal,3,pickup,0.960596,0.961
000727,330,intermediate,330/intermediate_step_0017_0019_reach_goal.txt,intermediate_step_0017_0019_reach_goal.txt,17,19,reach_goal,3,toggle,0.960596,0.961
000451,20,intermediate,20/intermediate_step_0272_0274_reach_goal.txt,intermediate_step_0272_0274_reach_goal.txt,272,274,reach_goal,3,left,0.95099,0.932
000451,20,intermediate,20/intermediate_step_0272_0274_reach_goal.txt,intermediate_step_0272_0274_reach_goal.txt,272,274,reach_goal,3,right,0.95099,0.932
000451,20,intermediate,20/intermediate_step_0272_0274_reach_goal.txt,intermediate_step_0272_0274_reach_goal.txt,272,274,reach_goal,3,forward,0.970299,0.951
000451,20,intermediate,20/intermediate_step_0272_0274_reach_goal.txt,intermediate_step_0272_0274_reach_goal.txt,272,274,reach_goal,3,pickup,0.960596,0.941
000451,20,intermediate,20/intermediate_step_0272_0274_reach_goal.txt,intermediate_step_0272_0274_reach_goal.txt,272,274,reach_goal,3,toggle,0.95099,0.941
000193,270,transition,270/transition_step_0019_0021_open_door.txt,transition_step_0019_0021_open_door.txt,19,21,open_door,3,left,0.932065,0.0
000193,270,transition,270/transition_step_0019_0021_open_door.txt,transition_step_0019_0021_open_door.txt,19,21,open_door,3,right,0.932065,0.0
000193,270,transition,270/transition_step_0019_0021_open_door.txt,transition_step_0019_0021_open_door.txt,19,21,open_door,3,forward,0.94148,0.0
000193,270,transition,270/transition_step_0019_0021_open_door.txt,transition_step_0019_0021_open_door.txt,19,21,open_door,3,pickup,0.94148,0.0
000193,270,transition,270/transition_step_0019_0021_open_door.txt,transition_step_0019_0021_open_door.txt,19,21,open_door,3,toggle,0.95099,0.0
