id,seed,type,path,file,step_start,step_end,event,n_maps,action,q_value,q_llm
000139,860,transition,860/transition_step_0019_0021_open_door.txt,transition_step_0019_0021_open_door.txt,19,21,open_door,3,left,0.94148,0.01
000139,860,transition,860/transition_step_0019_0021_open_door.txt,transition_step_0019_0021_open_door.txt,19,21,open_door,3,right,0.94148,0.01
000139,860,transition,860/transition_step_0019_0021_open_door.txt,transition_step_0019_0021_open_door.txt,19,21,open_door,3,forward,0.95099,0.02
000139,860,transition,860/transition_step_0019_0021_open_door.txt,transition_step_0019_0021_open_door.txt,19,21,open_door,3,pickup,0.95099,0.0
000139,860,transition,860/transition_step_0019_0021_open_door.txt,transition_step_0019_0021_open_door.txt,19,21,open_door,3,toggle,0.960596,0.92
000697,330,transition,330/transition_step_0005_0007_find_key.txt,transition_step_0005_0007_find_key.txt,5,7,find_key,3,left,0.877521,0.05
000697,330,transition,330/transition_step_0005_0007_find_key.txt,transition_step_0005_0007_find_key.txt,5,7,find_key,3,right,0.877521,0.05
000697,330,transition,330/transition_step_0005_0007_find_key.txt,transition_step_0005_0007_find_key.txt,5,7,find_key,3,forward,0.886385,0.75
000697,330,transition,330/transition_step_0005_0007_find_key.txt,transition_step_0005_0007_find_key.txt,5,7,find_key,3,pickup,0.895338,0.0
000697,330,transition,330/transition_step_0005_0007_find_key.txt,transition_step_0005_0007_find_key.txt,5,7,find_key,3,toggle,0.886385,0.0
000373,700,transition,700/transition_step_0026_0028_open_door.txt,transition_step_0026_0028_open_door.txt,26,28,open_door,3,left,0.895338,0.01
000373,700,transition,700/transition_step_0026_0028_open_door.txt,transition_step_0026_0028_open_door.txt,26,28,open_door,3,right,0.895338,0.01
000373,700,transition,700/transition_step_0026_0028_open_door.txt,transition_step_0026_0028_open_door.txt,26,28,open_door,3,forward,0.904382,0.02
000373,700,transition,700/transition_step_0026_0028_open_door.txt,transition_step_0026_0028_open_door.txt,26,28,open_door,3,pickup,0.904382,0.0
000373,700,transition,700/transition_step_0026_0028_open_door.txt,transition_step_0026_0028_open_door.txt,26,28,open_door,3,toggle,0.913517,0.94
000427,20,intermediate,20/intermediate_step_0191_0193_find_key.txt,intermediate_step_0191_0193_find_key.txt,191,193,find_key,3,left,0.860058,0.05
000427,20,intermediate,20/intermediate_step_0191_0193_find_key.txt,intermediate_step_0191_0193_find_key.txt,191,193,find_key,3,right,0.860058,0.55
000427,20,intermediate,20/intermediate_step_0191_0193_find_key.txt,intermediate_step_0191_0193_find_key.txt,191,193,find_key,3,forward,0.842943,0.1
000427,20,intermediate,20/intermediate_step_0191_0193_find_key.txt,intermediate_step_0191_0193_find_key.txt,191,193,find_key,3,pickup,0.851458,0.0
000427,20,intermediate,20/intermediate_step_0191_0193_find_key.txt,intermediate_step_0191_0193_find_key.txt,191,193,find_key,3,toggle,0.851458,0.0
000235,106,worst,106/worst_step_0000_find_key.txt,worst_step_0000_find_key.txt,0,0,find_key,1,left,0.834514,0.4
000235,106,worst,106/worst_step_0000_find_key.txt,worst_step_0000_find_key.txt,0,0,find_key,1,right,0.834514,0.1
000235,106,worst,106/worst_step_0000_find_key.txt,worst_step_0000_find_key.txt,0,0,find_key,1,forward,0.826169,0.05
000235,106,worst,106/worst_step_0000_find_key.txt,worst_step_0000_find_key.txt,0,0,find_key,1,pickup,0.826169,0.1
000235,106,worst,106/worst_step_0000_find_key.txt,worst_step_0000_find_key.txt,0,0,find_key,1,toggle,0.826169,0.25
000163,860,off_track,860/off_track/off_track_step_0000_find_key.txt,off_track_step_0000_find_key.txt,0,0,find_key,3,left,0.922745,0.05
000163,860,off_track,860/off_track/off_track_step_0000_find_key.txt,off_track_step_0000_find_key.txt,0,0,find_key,3,right,0.904382,0.35
000163,860,off_track,860/off_track/off_track_step_0000_find_key.txt,off_track_step_0000_find_key.txt,0,0,find_key,3,forward,0.904382,0.3
000163,860,off_track,860/off_track/off_track_step_0000_find_key.txt,off_track_step_0000_find_key.txt,0,0,find_key,3,pickup,0.913517,0.1
000163,860,off_track,860/off_track/off_track_step_0000_find_key.txt,off_track_step_0000_find_key.txt,0,0,find_key,3,toggle,0.913517,0.1
000841,87,transition,87/transition_step_0056_0058_reach_goal.txt,transition_step_0056_0058_reach_goal.txt,56,58,reach_goal,3,left,0.9801,0.05
000841,87,transition,87/transition_step_0056_0058_reach_goal.txt,transition_step_0056_0058_reach_goal.txt,56,58,reach_goal,3,right,0.9801,0.05
000841,87,transition,87/transition_step_0056_0058_reach_goal.txt,transition_step_0056_0058_reach_goal.txt,56,58,reach_goal,3,forward,1.0,0.85
000841,87,transition,87/transition_step_0056_0058_reach_goal.txt,transition_step_0056_0058_reach_goal.txt,56,58,reach_goal,3,pickup,0.99,0.02
000841,87,transition,87/transition_step_0056_0058_reach_goal.txt,transition_step_0056_0058_reach_goal.txt,56,58,reach_goal,3,toggle,0.99,0.01
000115,435,off_track,435/off_track/off_track_step_0000_reach_goal.txt,off_track_step_0000_reach_goal.txt,0,0,reach_goal,3,left,0.94148,0.4
000115,435,off_track,435/off_track/off_track_step_0000_reach_goal.txt,off_track_step_0000_reach_goal.txt,0,0,reach_goal,3,right,0.95099,0.1
000115,435,off_track,435/off_track/off_track_step_0000_reach_goal.txt,off_track_step_0000_reach_goal.txt,0,0,reach_goal,3,forward,0.932065,0.05
000115,435,off_track,435/off_track/off_track_step_0000_reach_goal.txt,off_track_step_0000_reach_goal.txt,0,0,reach_goal,3,pickup,0.94148,0.1
000115,435,off_track,435/off_track/off_track_step_0000_reach_goal.txt,off_track_step_0000_reach_goal.txt,0,0,reach_goal,3,toggle,0.94148,0.25
001567,805,off_track,805/off_track/off_track_step_0000_open_door.txt,off_track_step_0000_open_door.txt,0,0,open_door,3,left,0.95099,0.1
001567,805,off_track,805/off_track/off_track_step_0000_open_door.txt,off_track_step_0000_open_door.txt,0,0,open_door,3,right,0.94148,0.8
001567,805,off_track,805/off_track/off_track_step_0000_open_door.txt,off_track_step_0000_open_door.txt,0,0,open_door,3,forward,0.960596,0.4
001567,805,off_track,805/off_track/off_track_step_0000_open_door.txt,off_track_step_0000_open_door.txt,0,0,open_door,3,pickup,0.95099,0.0
001567,805,off_track,805/off_track/off_track_step_0000_open_door.txt,off_track_step_0000_open_door.txt,0,0,open_door,3,toggle,0.95099,0.0
001369,343,transition,343/transition_step_0207_0209_reach_goal.txt,transition_step_0207_0209_reach_goal.txt,207,209,reach_goal,3,left,0.9801,0.05
001369,343,transition,343/transition_step_0207_0209_reach_goal.txt,transition_step_0207_0209_reach_goal.txt,207,209,reach_goal,3,right,0.9801,0.05
001369,343,transition,343/transition_step_0207_0209_reach_goal.txt,transition_step_0207_0209_reach_goal.txt,207,209,reach_goal,3,forward,1.0,0.9
001369,343,transition,343/transition_step_0207_0209_reach_goal.txt,transition_step_0207_0209_reach_goal.txt,207,209,reach_goal,3,pickup,0.99,0.0
001369,343,transition,343/transition_step_0207_0209_reach_goal.txt,transition_step_0207_0209_reach_goal.txt,207,209,reach_goal,3,toggle,0.99,0.0
001597,385,transition,385/transition_step_0179_0181_open_door.txt,transition_step_0179_0181_open_door.txt,179,181,open_door,3,left,0.932065,0.1
001597,385,transition,385/transition_step_0179_0181_open_door.txt,transition_step_0179_0181_open_door.txt,179,181,open_door,3,right,0.932065,0.9
001597,385,transition,385/transition_step_0179_0181_open_door.txt,transition_step_0179_0181_open_door.txt,179,181,open_door,3,forward,0.94148,0.05
001597,385,transition,385/transition_step_0179_0181_open_door.txt,transition_step_0179_0181_open_door.txt,179,181,open_door,3,pickup,0.94148,0.0
001597,385,transition,385/transition_step_0179_0181_open_door.txt,transition_step_0179_0181_open_door.txt,179,181,open_door,3,toggle,0.95099,0.0
001315,769,intermediate,769/intermediate_step_0028_0030_reach_goal.txt,intermediate_step_0028_0030_reach_goal.txt,28,30,reach_goal,3,left,0.960596,0.05
001315,769,intermediate,769/intermediate_step_0028_0030_reach_goal.txt,intermediate_step_0028_0030_reach_goal.txt,28,30,reach_goal,3,right,0.960596,0.05
001315,769,intermediate,769/intermediate_step_0028_0030_reach_goal.txt,intermediate_step_0028_0030_reach_goal.txt,28,30,reach_goal,3,forward,0.9801,0.9
001315,769,intermediate,769/intermediate_step_0028_0030_reach_goal.txt,intermediate_step_0028_0030_reach_goal.txt,28,30,reach_goal,3,pickup,0.970299,0.0
001315,769,intermediate,769/intermediate_step_0028_0030_reach_goal.txt,intermediate_step_0028_0030_reach_goal.txt,28,30,reach_goal,3,toggle,0.970299,0.0
001057,663,transition,663/transition_step_0050_0052_open_door.txt,transition_step_0050_0052_open_door.txt,50,52,open_door,3,left,0.932065,0.1
001057,663,transition,663/transition_step_0050_0052_open_door.txt,transition_step_0050_0052_open_door.txt,50,52,open_door,3,right,0.932065,0.1
001057,663,transition,663/transition_step_0050_0052_open_door.txt,transition_step_0050_0052_open_door.txt,50,52,open_door,3,forward,0.94148,0.1
001057,663,transition,663/transition_step_0050_0052_open_door.txt,transition_step_0050_0052_open_door.txt,50,52,open_door,3,pickup,0.94148,0.0
001057,663,transition,663/transition_step_0050_0052_open_door.txt,transition_step_0050_0052_open_door.txt,50,52,open_door,3,toggle,0.95099,0.7
000925,372,off_track,372/off_track/off_track_step_0000_reach_goal.txt,off_track_step_0000_reach_goal.txt,0,0,reach_goal,3,left,0.95099,0.4
000925,372,off_track,372/off_track/off_track_step_0000_reach_goal.txt,off_track_step_0000_reach_goal.txt,0,0,reach_goal,3,right,0.932065,0.1
000925,372,off_track,372/off_track/off_track_step_0000_reach_goal.txt,off_track_step_0000_reach_goal.txt,0,0,reach_goal,3,forward,0.922745,0.4
000925,372,off_track,372/off_track/off_track_step_0000_reach_goal.txt,off_track_step_0000_reach_goal.txt,0,0,reach_goal,3,pickup,0.94148,0.0
000925,372,off_track,372/off_track/off_track_step_0000_reach_goal.txt,off_track_step_0000_reach_goal.txt,0,0,reach_goal,3,toggle,0.94148,0.1
000073,435,intermediate,435/intermediate_step_0002_0004_find_key.txt,intermediate_step_0002_0004_find_key.txt,2,4,find_key,3,left,0.834514,0.05
000073,435,intermediate,435/intermediate_step_0002_0004_find_key.txt,intermediate_step_0002_0004_find_key.txt,2,4,find_key,3,right,0.834514,0.05
000073,435,intermediate,435/intermediate_step_0002_0004_find_key.txt,intermediate_step_0002_0004_find_key.txt,2,4,find_key,3,forward,0.851458,0.8
000073,435,intermediate,435/intermediate_step_0002_0004_find_key.txt,intermediate_step_0002_0004_find_key.txt,2,4,find_key,3,pickup,0.842943,0.1
000073,435,intermediate,435/intermediate_step_0002_0004_find_key.txt,intermediate_step_0002_0004_find_key.txt,2,4,find_key,3,toggle,0.842943,0.0
001249,308,transition,308/transition_step_0079_0081_reach_goal.txt,transition_step_0079_0081_reach_goal.txt,79,81,reach_goal,3,left,0.9801,0.1
001249,308,transition,308/transition_step_0079_0081_reach_goal.txt,transition_step_0079_0081_reach_goal.txt,79,81,reach_goal,3,right,0.9801,0.1
001249,308,transition,308/transition_step_0079_0081_reach_goal.txt,transition_step_0079_0081_reach_goal.txt,79,81,reach_goal,3,forward,1.0,0.7
001249,308,transition,308/transition_step_0079_0081_reach_goal.txt,transition_step_0079_0081_reach_goal.txt,79,81,reach_goal,3,pickup,0.99,0.0
001249,308,transition,308/transition_step_0079_0081_reach_goal.txt,transition_step_0079_0081_reach_goal.txt,79,81,reach_goal,3,toggle,0.99,0.1
000157,860,intermediate,860/intermediate_step_0021_0023_reach_goal.txt,intermediate_step_0021_0023_reach_goal.txt,21,23,reach_goal,3,left,0.960596,0.0
000157,860,intermediate,860/intermediate_step_0021_0023_reach_goal.txt,intermediate_step_0021_0023_reach_goal.txt,21,23,reach_goal,3,right,0.960596,0.0
000157,860,intermediate,860/intermediate_step_0021_0023_reach_goal.txt,intermediate_step_0021_0023_reach_goal.txt,21,23,reach_goal,3,forward,0.9801,0.97
000157,860,intermediate,860/intermediate_step_0021_0023_reach_goal.txt,intermediate_step_0021_0023_reach_goal.txt,21,23,reach_goal,3,pickup,0.970299,0.0
000157,860,intermediate,860/intermediate_step_0021_0023_reach_goal.txt,intermediate_step_0021_0023_reach_goal.txt,21,23,reach_goal,3,toggle,0.970299,0.0
001525,805,transition,805/transition_step_0050_0052_find_key.txt,transition_step_0050_0052_find_key.txt,50,52,find_key,3,left,0.868746,0.05
001525,805,transition,805/transition_step_0050_0052_find_key.txt,transition_step_0050_0052_find_key.txt,50,52,find_key,3,right,0.868746,0.05
001525,805,transition,805/transition_step_0050_0052_find_key.txt,transition_step_0050_0052_find_key.txt,50,52,find_key,3,forward,0.877521,0.88
001525,805,transition,805/transition_step_0050_0052_find_key.txt,transition_step_0050_0052_find_key.txt,50,52,find_key,3,pickup,0.886385,0.0
001525,805,transition,805/transition_step_0050_0052_find_key.txt,transition_step_0050_0052_find_key.txt,50,52,find_key,3,toggle,0.877521,0.0
000223,270,off_track,270/off_track/off_track_step_0000_open_door.txt,off_track_step_0000_open_door.txt,0,0,open_door,3,left,0.895338,0.93
000223,270,off_track,270/off_track/off_track_step_0000_open_door.txt,off_track_step_0000_open_door.txt,0,0,open_door,3,right,0.895338,0.85
000223,270,off_track,270/off_track/off_track_step_0000_open_door.txt,off_track_step_0000_open_door.txt,0,0,open_door,3,forward,0.877521,0.0
000223,270,off_track,270/off_track/off_track_step_0000_open_door.txt,off_track_step_0000_open_door.txt,0,0,open_door,3,pickup,0.886385,0.0
000223,270,off_track,270/off_track/off_track_step_0000_open_door.txt,off_track_step_0000_open_door.txt,0,0,open_door,3,toggle,0.886385,0.0
001447,491,off_track,491/off_track/off_track_step_0000_open_door.txt,off_track_step_0000_open_door.txt,0,0,open_door,3,left,0.895338,0.88
001447,491,off_track,491/off_track/off_track_step_0000_open_door.txt,off_track_step_0000_open_door.txt,0,0,open_door,3,right,0.877521,0.96
001447,491,off_track,491/off_track/off_track_step_0000_open_door.txt,off_track_step_0000_open_door.txt,0,0,open_door,3,forward,0.895338,0.0
001447,491,off_track,491/off_track/off_track_step_0000_open_door.txt,off_track_step_0000_open_door.txt,0,0,open_door,3,pickup,0.886385,0.0
001447,491,off_track,491/off_track/off_track_step_0000_open_door.txt,off_track_step_0000_open_door.txt,0,0,open_door,3,toggle,0.886385,0.0
000739,330,off_track,330/off_track/off_track_step_0000_open_door.txt,off_track_step_0000_open_door.txt,0,0,open_door,3,left,0.886385,0.6
000739,330,off_track,330/off_track/off_track_step_0000_open_door.txt,off_track_step_0000_open_door.txt,0,0,open_door,3,right,0.886385,0.1
000739,330,off_track,330/off_track/off_track_step_0000_open_door.txt,off_track_step_0000_open_door.txt,0,0,open_door,3,forward,0.904382,0.0
000739,330,off_track,330/off_track/off_track_step_0000_open_door.txt,off_track_step_0000_open_door.txt,0,0,open_door,3,pickup,0.895338,0.0
000739,330,off_track,330/off_track/off_track_step_0000_open_door.txt,off_track_step_0000_open_door.txt,0,0,open_door,3,toggle,0.895338,0.0
001291,769,intermediate,769/intermediate_step_0000_0000_find_key.txt,intermediate_step_0000_0000_find_key.txt,0,0,find_key,1,left,0.809728,0.1
001291,769,intermediate,769/intermediate_step_0000_0000_find_key.txt,intermediate_step_0000_0000_find_key.txt,0,0,find_key,1,right,0.826169,0.7
001291,769,intermediate,769/intermediate_step_0000_0000_find_key.txt,intermediate_step_0000_0000_find_key.txt,0,0,find_key,1,forward,0.809728,0.2
001291,769,intermediate,769/intermediate_step_0000_0000_find_key.txt,intermediate_step_0000_0000_find_key.txt,0,0,find_key,1,pickup,0.817907,0.0
001291,769,intermediate,769/intermediate_step_0000_0000_find_key.txt,intermediate_step_0000_0000_find_key.txt,0,0,find_key,1,toggle,0.817907,0.0
000421,20,transition,20/transition_step_0194_0196_find_key.txt,transition_step_0194_0196_find_key.txt,194,196,find_key,3,left,0.860058,0.1
000421,20,transition,20/transition_step_0194_0196_find_key.txt,transition_step_0194_0196_find_key.txt,194,196,find_key,3,right,0.860058,0.1
000421,20,transition,20/transition_step_0194_0196_find_key.txt,transition_step_0194_0196_find_key.txt,194,196,find_key,3,forward,0.868746,0.9
000421,20,transition,20/transition_step_0194_0196_find_key.txt,transition_step_0194_0196_find_key.txt,194,196,find_key,3,pickup,0.877521,0.1
000421,20,transition,20/transition_step_0194_0196_find_key.txt,transition_step_0194_0196_find_key.txt,194,196,find_key,3,toggle,0.868746,0.0
000547,121,transition,121/transition_step_0083_0085_open_door.txt,transition_step_0083_0085_open_door.txt,83,85,open_door,3,left,0.886385,0.1
000547,121,transition,121/transition_step_0083_0085_open_door.txt,transition_step_0083_0085_open_door.txt,83,85,open_door,3,right,0.886385,0.1
000547,121,transition,121/transition_step_0083_0085_open_door.txt,transition_step_0083_0085_open_door.txt,83,85,open_door,3,forward,0.895338,0.7
000547,121,transition,121/transition_step_0083_0085_open_door.txt,transition_step_0083_0085_open_door.txt,83,85,open_door,3,pickup,0.895338,0.0
000547,121,transition,121/transition_step_0083_0085_open_door.txt,transition_step_0083_0085_open_door.txt,83,85,open_door,3,toggle,0.904382,1.0
001609,385,transition,385/transition_step_0184_0186_reach_goal.txt,transition_step_0184_0186_reach_goal.txt,184,186,reach_goal,3,left,0.9801,0.05
001609,385,transition,385/transition_step_0184_0186_reach_goal.txt,transition_step_0184_0186_reach_goal.txt,184,186,reach_goal,3,right,0.9801,0.05
001609,385,transition,385/transition_step_0184_0186_reach_goal.txt,transition_step_0184_0186_reach_goal.txt,184,186,reach_goal,3,forward,1.0,0.8
001609,385,transition,385/transition_step_0184_0186_reach_goal.txt,transition_step_0184_0186_reach_goal.txt,184,186,reach_goal,3,pickup,0.99,0.05
001609,385,transition,385/transition_step_0184_0186_reach_goal.txt,transition_step_0184_0186_reach_goal.txt,184,186,reach_goal,3,toggle,0.99,0.0
001681,191,off_track,191/off_track/off_track_step_0000_reach_goal.txt,off_track_step_0000_reach_goal.txt,0,0,reach_goal,3,left,0.922745,0.3
001681,191,off_track,191/off_track/off_track_step_0000_reach_goal.txt,off_track_step_0000_reach_goal.txt,0,0,reach_goal,3,right,0.932065,0.1
001681,191,off_track,191/off_track/off_track_step_0000_reach_goal.txt,off_track_step_0000_reach_goal.txt,0,0,reach_goal,3,forward,0.94148,0.5
001681,191,off_track,191/off_track/off_track_step_0000_reach_goal.txt,off_track_step_0000_reach_goal.txt,0,0,reach_goal,3,pickup,0.932065,0.03
001681,191,off_track,191/off_track/off_track_step_0000_reach_goal.txt,off_track_step_0000_reach_goal.txt,0,0,reach_goal,3,toggle,0.932065,0.04
001159,661,worst,661/worst_step_0000_find_key.txt,worst_step_0000_find_key.txt,0,0,find_key,1,left,0.826169,0.1
001159,661,worst,661/worst_step_0000_find_key.txt,worst_step_0000_find_key.txt,0,0,find_key,1,right,0.842943,0.7
001159,661,worst,661/worst_step_0000_find_key.txt,worst_step_0000_find_key.txt,0,0,find_key,1,forward,0.834514,0.05
001159,661,worst,661/worst_step_0000_find_key.txt,worst_step_0000_find_key.txt,0,0,find_key,1,pickup,0.834514,0.05
001159,661,worst,661/worst_step_0000_find_key.txt,worst_step_0000_find_key.txt,0,0,find_key,1,toggle,0.834514,0.05
001297,769,transition,769/transition_step_0021_0023_open_door.txt,transition_step_0021_0023_open_door.txt,21,23,open_door,3,left,0.895338,0.02
001297,769,transition,769/transition_step_0021_0023_open_door.txt,transition_step_0021_0023_open_door.txt,21,23,open_door,3,right,0.895338,0.02
001297,769,transition,769/transition_step_0021_0023_open_door.txt,transition_step_0021_0023_open_door.txt,21,23,open_door,3,forward,0.904382,0.65
001297,769,transition,769/transition_step_0021_0023_open_door.txt,transition_step_0021_0023_open_door.txt,21,23,open_door,3,pickup,0.904382,0.02
001297,769,transition,769/transition_step_0021_0023_open_door.txt,transition_step_0021_0023_open_door.txt,21,23,open_door,3,toggle,0.913517,0.27
001261,308,off_track,308/off_track/off_track_step_0000_find_key.txt,off_track_step_0000_find_key.txt,0,0,find_key,3,left,0.895338,0.92
001261,308,off_track,308/off_track/off_track_step_0000_find_key.txt,off_track_step_0000_find_key.txt,0,0,find_key,3,right,0.895338,0.0
001261,308,off_track,308/off_track/off_track_step_0000_find_key.txt,off_track_step_0000_find_key.txt,0,0,find_key,3,forward,0.877521,0.0
001261,308,off_track,308/off_track/off_track_step_0000_find_key.txt,off_track_step_0000_find_key.txt,0,0,find_key,3,pickup,0.886385,0.0
001261,308,off_track,308/off_track/off_track_step_0000_find_key.txt,off_track_step_0000_find_key.txt,0,0,find_key,3,toggle,0.886385,0.0
001225,308,transition,308/transition_step_0007_0009_find_key.txt,transition_step_0007_0009_find_key.txt,7,9,find_key,3,left,0.868746,0.85
001225,308,transition,308/transition_step_0007_0009_find_key.txt,transition_step_0007_0009_find_key.txt,7,9,find_key,3,right,0.868746,0.85
001225,308,transition,308/transition_step_0007_0009_find_key.txt,transition_step_0007_0009_find_key.txt,7,9,find_key,3,forward,0.877521,0.95
001225,308,transition,308/transition_step_0007_0009_find_key.txt,transition_step_0007_0009_find_key.txt,7,9,find_key,3,pickup,0.886385,0.0
001225,308,transition,308/transition_step_0007_0009_find_key.txt,transition_step_0007_0009_find_key.txt,7,9,find_key,3,toggle,0.877521,0.0
000937,99,transition,99/transition_step_0006_0008_find_key.txt,transition_step_0006_0008_find_key.txt,6,8,find_key,3,left,0.860058,0.8
000937,99,transition,99/transition_step_0006_0008_find_key.txt,transition_step_0006_0008_find_key.txt,6,8,find_key,3,right,0.860058,0.8
000937,99,transition,99/transition_step_0006_0008_find_key.txt,transition_step_0006_0008_find_key.txt,6,8,find_key,3,forward,0.868746,0.95
000937,99,transition,99/transition_step_0006_0008_find_key.txt,transition_step_0006_0008_find_key.txt,6,8,find_key,3,pickup,0.877521,0.0
000937,99,transition,99/transition_step_0006_0008_find_key.txt,transition_step_0006_0008_find_key.txt,6,8,find_key,3,toggle,0.868746,0.0
000463,20,off_track,20/off_track/off_track_step_0000_open_door.txt,off_track_step_0000_open_door.txt,0,0,open_door,3,left,0.932065,0.7
000463,20,off_track,20/off_track/off_track_step_0000_open_door.txt,off_track_step_0000_open_door.txt,0,0,open_door,3,right,0.95099,0.96
000463,20,off_track,20/off_track/off_track_step_0000_open_door.txt,off_track_step_0000_open_door.txt,0,0,open_door,3,forward,0.94148,0.7
000463,20,off_track,20/off_track/off_track_step_0000_open_door.txt,off_track_step_0000_open_door.txt,0,0,open_door,3,pickup,0.94148,0.0
000463,20,off_track,20/off_track/off_track_step_0000_open_door.txt,off_track_step_0000_open_door.txt,0,0,open_door,3,toggle,0.94148,0.0
000199,270,intermediate,270/intermediate_step_0016_0018_open_door.txt,intermediate_step_0016_0018_open_door.txt,16,18,open_door,3,left,0.922745,0.92
000199,270,intermediate,270/intermediate_step_0016_0018_open_door.txt,intermediate_step_0016_0018_open_door.txt,16,18,open_door,3,right,0.94148,1.0
000199,270,intermediate,270/intermediate_step_0016_0018_open_door.txt,intermediate_step_0016_0018_open_door.txt,16,18,open_door,3,forward,0.904382,0.9
000199,270,intermediate,270/intermediate_step_0016_0018_open_door.txt,intermediate_step_0016_0018_open_door.txt,16,18,open_door,3,pickup,0.932065,0.0
000199,270,intermediate,270/intermediate_step_0016_0018_open_door.txt,intermediate_step_0016_0018_open_door.txt,16,18,open_door,3,toggle,0.932065,0.0
000865,87,off_track,87/off_track/off_track_step_0000_reach_goal.txt,off_track_step_0000_reach_goal.txt,0,0,reach_goal,3,left,0.94148,0.94
000865,87,off_track,87/off_track/off_track_step_0000_reach_goal.txt,off_track_step_0000_reach_goal.txt,0,0,reach_goal,3,right,0.932065,0.0
000865,87,off_track,87/off_track/off_track_step_0000_reach_goal.txt,off_track_step_0000_reach_goal.txt,0,0,reach_goal,3,forward,0.95099,0.97
000865,87,off_track,87/off_track/off_track_step_0000_reach_goal.txt,off_track_step_0000_reach_goal.txt,0,0,reach_goal,3,pickup,0.94148,0.0
000865,87,off_track,87/off_track/off_track_step_0000_reach_goal.txt,off_track_step_0000_reach_goal.txt,0,0,reach_goal,3,toggle,0.94148,0.0
001099,130,worst,130/worst_step_0000_find_key.txt,worst_step_0000_find_key.txt,0,0,find_key,1,left,0.860058,0.2
001099,130,worst,130/worst_step_0000_find_key.txt,worst_step_0000_find_key.txt,0,0,find_key,1,right,0.877521,0.9
001099,130,worst,130/worst_step_0000_find_key.txt,worst_step_0000_find_key.txt,0,0,find_key,1,forward,0.860058,0.4
001099,130,worst,130/worst_step_0000_find_key.txt,worst_step_0000_find_key.txt,0,0,find_key,1,pickup,0.868746,0.0
001099,130,worst,130/worst_step_0000_find_key.txt,worst_step_0000_find_key.txt,0,0,find_key,1,toggle,0.868746,0.0
000511,614,off_track,614/off_track/off_track_step_0000_find_key.txt,off_track_step_0000_find_key.txt,0,0,find_key,3,left,0.860058,0.85
000511,614,off_track,614/off_track/off_track_step_0000_find_key.txt,off_track_step_0000_find_key.txt,0,0,find_key,3,right,0.860058,0.2
000511,614,off_track,614/off_track/off_track_step_0000_find_key.txt,off_track_step_0000_find_key.txt,0,0,find_key,3,forward,0.877521,0.6
000511,614,off_track,614/off_track/off_track_step_0000_find_key.txt,off_track_step_0000_find_key.txt,0,0,find_key,3,pickup,0.868746,0.0
000511,614,off_track,614/off_track/off_track_step_0000_find_key.txt,off_track_step_0000_find_key.txt,0,0,find_key,3,toggle,0.868746,0.0
001621,385,off_track,385/off_track/off_track_step_0000_find_key.txt,off_track_step_0000_find_key.txt,0,0,find_key,3,left,0.904382,0.7
001621,385,off_track,385/off_track/off_track_step_0000_find_key.txt,off_track_step_0000_find_key.txt,0,0,find_key,3,right,0.922745,0.91
001621,385,off_track,385/off_track/off_track_step_0000_find_key.txt,off_track_step_0000_find_key.txt,0,0,find_key,3,forward,0.922745,0.0
001621,385,off_track,385/off_track/off_track_step_0000_find_key.txt,off_track_step_0000_find_key.txt,0,0,find_key,3,pickup,0.913517,0.0
001621,385,off_track,385/off_track/off_track_step_0000_find_key.txt,off_track_step_0000_find_key.txt,0,0,find_key,3,toggle,0.913517,0.0
000187,270,transition,270/transition_step_0000_0000_find_key.txt,transition_step_0000_0000_find_key.txt,0,0,find_key,1,left,0.886385,0.1
000187,270,transition,270/transition_step_0000_0000_find_key.txt,transition_step_0000_0000_find_key.txt,0,0,find_key,1,right,0.886385,0.1
000187,270,transition,270/transition_step_0000_0000_find_key.txt,transition_step_0000_0000_find_key.txt,0,0,find_key,1,forward,0.895338,0.8
000187,270,transition,270/transition_step_0000_0000_find_key.txt,transition_step_0000_0000_find_key.txt,0,0,find_key,1,pickup,0.904382,0.9
000187,270,transition,270/transition_step_0000_0000_find_key.txt,transition_step_0000_0000_find_key.txt,0,0,find_key,1,toggle,0.895338,0.0
000097,435,intermediate,435/intermediate_step_0019_0021_reach_goal.txt,intermediate_step_0019_0021_reach_goal.txt,19,21,reach_goal,3,left,0.960596,0.1
000097,435,intermediate,435/intermediate_step_0019_0021_reach_goal.txt,intermediate_step_0019_0021_reach_goal.txt,19,21,reach_goal,3,right,0.9801,0.7
000097,435,intermediate,435/intermediate_step_0019_0021_reach_goal.txt,intermediate_step_0019_0021_reach_goal.txt,19,21,reach_goal,3,forward,0.970299,0.8
000097,435,intermediate,435/intermediate_step_0019_0021_reach_goal.txt,intermediate_step_0019_0021_reach_goal.txt,19,21,reach_goal,3,pickup,0.970299,0.0
000097,435,intermediate,435/intermediate_step_0019_0021_reach_goal.txt,intermediate_step_0019_0021_reach_goal.txt,19,21,reach_goal,3,toggle,0.970299,0.0
000667,214,transition,214/transition_step_0048_0050_open_door.txt,transition_step_0048_0050_open_door.txt,48,50,open_door,3,left,0.904382,0.1
000667,214,transition,214/transition_step_0048_0050_open_door.txt,transition_step_0048_0050_open_door.txt,48,50,open_door,3,right,0.904382,0.8
000667,214,transition,214/transition_step_0048_0050_open_door.txt,transition_step_0048_0050_open_door.txt,48,50,open_door,3,forward,0.913517,0.6
000667,214,transition,214/transition_step_0048_0050_open_door.txt,transition_step_0048_0050_open_door.txt,48,50,open_door,3,pickup,0.913517,0.0
000667,214,transition,214/transition_step_0048_0050_open_door.txt,transition_step_0048_0050_open_door.txt,48,50,open_door,3,toggle,0.922745,0.7
000469,20,off_track,20/off_track/off_track_step_0000_reach_goal.txt,off_track_step_0000_reach_goal.txt,0,0,reach_goal,3,left,0.932065,0.8
000469,20,off_track,20/off_track/off_track_step_0000_reach_goal.txt,off_track_step_0000_reach_goal.txt,0,0,reach_goal,3,right,0.95099,0.1
000469,20,off_track,20/off_track/off_track_step_0000_reach_goal.txt,off_track_step_0000_reach_goal.txt,0,0,reach_goal,3,forward,0.94148,0.1
000469,20,off_track,20/off_track/off_track_step_0000_reach_goal.txt,off_track_step_0000_reach_goal.txt,0,0,reach_goal,3,pickup,0.94148,0.0
000469,20,off_track,20/off_track/off_track_step_0000_reach_goal.txt,off_track_step_0000_reach_goal.txt,0,0,reach_goal,3,toggle,0.94148,0.0
001675,191,intermediate,191/intermediate_step_0051_0053_reach_goal.txt,intermediate_step_0051_0053_reach_goal.txt,51,53,reach_goal,3,left,0.95099,0.05
001675,191,intermediate,191/intermediate_step_0051_0053_reach_goal.txt,intermediate_step_0051_0053_reach_goal.txt,51,53,reach_goal,3,right,0.95099,0.85
001675,191,intermediate,191/intermediate_step_0051_0053_reach_goal.txt,intermediate_step_0051_0053_reach_goal.txt,51,53,reach_goal,3,forward,0.970299,0.96
001675,191,intermediate,191/intermediate_step_0051_0053_reach_goal.txt,intermediate_step_0051_0053_reach_goal.txt,51,53,reach_goal,3,pickup,0.960596,0.0
001675,191,intermediate,191/intermediate_step_0051_0053_reach_goal.txt,intermediate_step_0051_0053_reach_goal.txt,51,53,reach_goal,3,toggle,0.960596,0.0
000013,102,intermediate,102/intermediate_step_0001_0003_find_key.txt,intermediate_step_0001_0003_find_key.txt,1,3,find_key,3,left,0.817907,0.85
000013,102,intermediate,102/intermediate_step_0001_0003_find_key.txt,intermediate_step_0001_0003_find_key.txt,1,3,find_key,3,right,0.817907,0.79
000013,102,intermediate,102/intermediate_step_0001_0003_find_key.txt,intermediate_step_0001_0003_find_key.txt,1,3,find_key,3,forward,0.834514,0.86
000013,102,intermediate,102/intermediate_step_0001_0003_find_key.txt,intermediate_step_0001_0003_find_key.txt,1,3,find_key,3,pickup,0.826169,0.0
000013,102,intermediate,102/intermediate_step_0001_0003_find_key.txt,intermediate_step_0001_0003_find_key.txt,1,3,find_key,3,toggle,0.826169,0.0
000121,860,worst,860/worst_step_0000_find_key.txt,worst_step_0000_find_key.txt,0,0,find_key,1,left,0.904382,0.9
000121,860,worst,860/worst_step_0000_find_key.txt,worst_step_0000_find_key.txt,0,0,find_key,1,right,0.904382,0.92
000121,860,worst,860/worst_step_0000_find_key.txt,worst_step_0000_find_key.txt,0,0,find_key,1,forward,0.886385,0.89
000121,860,worst,860/worst_step_0000_find_key.txt,worst_step_0000_find_key.txt,0,0,find_key,1,pickup,0.895338,0.0
000121,860,worst,860/worst_step_0000_find_key.txt,worst_step_0000_find_key.txt,0,0,find_key,1,toggle,0.895338,0.0
001279,769,worst,769/worst_step_0000_find_key.txt,worst_step_0000_find_key.txt,0,0,find_key,1,left,0.809728,0.85
001279,769,worst,769/worst_step_0000_find_key.txt,worst_step_0000_find_key.txt,0,0,find_key,1,right,0.826169,0.84
001279,769,worst,769/worst_step_0000_find_key.txt,worst_step_0000_find_key.txt,0,0,find_key,1,forward,0.809728,0.86
001279,769,worst,769/worst_step_0000_find_key.txt,worst_step_0000_find_key.txt,0,0,find_key,1,pickup,0.817907,0.0
001279,769,worst,769/worst_step_0000_find_key.txt,worst_step_0000_find_key.txt,0,0,find_key,1,toggle,0.817907,0.0
001363,343,intermediate,343/intermediate_step_0192_0194_open_door.txt,intermediate_step_0192_0194_open_door.txt,192,194,open_door,3,left,0.913517,0.75
001363,343,intermediate,343/intermediate_step_0192_0194_open_door.txt,intermediate_step_0192_0194_open_door.txt,192,194,open_door,3,right,0.895338,0.2
001363,343,intermediate,343/intermediate_step_0192_0194_open_door.txt,intermediate_step_0192_0194_open_door.txt,192,194,open_door,3,forward,0.877521,0.4
001363,343,intermediate,343/intermediate_step_0192_0194_open_door.txt,intermediate_step_0192_0194_open_door.txt,192,194,open_door,3,pickup,0.904382,0.0
001363,343,intermediate,343/intermediate_step_0192_0194_open_door.txt,intermediate_step_0192_0194_open_door.txt,192,194,open_door,3,toggle,0.904382,0.1
000499,614,transition,614/transition_step_0058_0060_reach_goal.txt,transition_step_0058_0060_reach_goal.txt,58,60,reach_goal,3,left,0.9801,0.2
000499,614,transition,614/transition_step_0058_0060_reach_goal.txt,transition_step_0058_0060_reach_goal.txt,58,60,reach_goal,3,right,0.9801,0.3
000499,614,transition,614/transition_step_0058_0060_reach_goal.txt,transition_step_0058_0060_reach_goal.txt,58,60,reach_goal,3,forward,1.0,0.9
000499,614,transition,614/transition_step_0058_0060_reach_goal.txt,transition_step_0058_0060_reach_goal.txt,58,60,reach_goal,3,pickup,0.99,0.0
000499,614,transition,614/transition_step_0058_0060_reach_goal.txt,transition_step_0058_0060_reach_goal.txt,58,60,reach_goal,3,toggle,0.99,0.0
000685,214,intermediate,214/intermediate_step_0053_0055_reach_goal.txt,intermediate_step_0053_0055_reach_goal.txt,53,55,reach_goal,3,left,0.95099,0.4
000685,214,intermediate,214/intermediate_step_0053_0055_reach_goal.txt,intermediate_step_0053_0055_reach_goal.txt,53,55,reach_goal,3,right,0.960596,0.7
000685,214,intermediate,214/intermediate_step_0053_0055_reach_goal.txt,intermediate_step_0053_0055_reach_goal.txt,53,55,reach_goal,3,forward,0.970299,0.5
000685,214,intermediate,214/intermediate_step_0053_0055_reach_goal.txt,intermediate_step_0053_0055_reach_goal.txt,53,55,reach_goal,3,pickup,0.960596,0.0
000685,214,intermediate,214/intermediate_step_0053_0055_reach_goal.txt,intermediate_step_0053_0055_reach_goal.txt,53,55,reach_goal,3,toggle,0.960596,0.0
000979,99,off_track,99/off_track/off_track_step_0000_open_door.txt,off_track_step_0000_open_door.txt,0,0,open_door,3,left,0.851458,0.75
000979,99,off_track,99/off_track/off_track_step_0000_open_door.txt,off_track_step_0000_open_door.txt,0,0,open_door,3,right,0.851458,0.1
000979,99,off_track,99/off_track/off_track_step_0000_open_door.txt,off_track_step_0000_open_door.txt,0,0,open_door,3,forward,0.868746,0.4
000979,99,off_track,99/off_track/off_track_step_0000_open_door.txt,off_track_step_0000_open_door.txt,0,0,open_door,3,pickup,0.860058,0.0
000979,99,off_track,99/off_track/off_track_step_0000_open_door.txt,off_track_step_0000_open_door.txt,0,0,open_door,3,toggle,0.860058,0.0
000055,102,off_track,102/off_track/off_track_step_0000_reach_goal.txt,off_track_step_0000_reach_goal.txt,0,0,reach_goal,3,left,0.922745,0.8
000055,102,off_track,102/off_track/off_track_step_0000_reach_goal.txt,off_track_step_0000_reach_goal.txt,0,0,reach_goal,3,right,0.913517,0.1
000055,102,off_track,102/off_track/off_track_step_0000_reach_goal.txt,off_track_step_0000_reach_goal.txt,0,0,reach_goal,3,forward,0.913517,0.0
000055,102,off_track,102/off_track/off_track_step_0000_reach_goal.txt,off_track_step_0000_reach_goal.txt,0,0,reach_goal,3,pickup,0.913517,0.0
000055,102,off_track,102/off_track/off_track_step_0000_reach_goal.txt,off_track_step_0000_reach_goal.txt,0,0,reach_goal,3,toggle,0.913517,0.0
000967,99,intermediate,99/intermediate_step_0042_0044_reach_goal.txt,intermediate_step_0042_0044_reach_goal.txt,42,44,reach_goal,3,left,0.960596,0.4
000967,99,intermediate,99/intermediate_step_0042_0044_reach_goal.txt,intermediate_step_0042_0044_reach_goal.txt,42,44,reach_goal,3,right,0.960596,0.4
000967,99,intermediate,99/intermediate_step_0042_0044_reach_goal.txt,intermediate_step_0042_0044_reach_goal.txt,42,44,reach_goal,3,forward,0.9801,0.95
000967,99,intermediate,99/intermediate_step_0042_0044_reach_goal.txt,intermediate_step_0042_0044_reach_goal.txt,42,44,reach_goal,3,pickup,0.970299,0.0
000967,99,intermediate,99/intermediate_step_0042_0044_reach_goal.txt,intermediate_step_0042_0044_reach_goal.txt,42,44,reach_goal,3,toggle,0.970299,0.0
000559,121,transition,121/transition_step_0100_0102_reach_goal.txt,transition_step_0100_0102_reach_goal.txt,100,102,reach_goal,3,left,0.9801,0.1
000559,121,transition,121/transition_step_0100_0102_reach_goal.txt,transition_step_0100_0102_reach_goal.txt,100,102,reach_goal,3,right,0.9801,0.1
000559,121,transition,121/transition_step_0100_0102_reach_goal.txt,transition_step_0100_0102_reach_goal.txt,100,102,reach_goal,3,forward,1.0,1.0
000559,121,transition,121/transition_step_0100_0102_reach_goal.txt,transition_step_0100_0102_reach_goal.txt,100,102,reach_goal,3,pickup,0.99,0.0
000559,121,transition,121/transition_step_0100_0102_reach_goal.txt,transition_step_0100_0102_reach_goal.txt,100,102,reach_goal,3,toggle,0.99,0.0
000247,106,intermediate,106/intermediate_step_0001_0003_find_key.txt,intermediate_step_0001_0003_find_key.txt,1,3,find_key,3,left,0.842943,0.4
000247,106,intermediate,106/intermediate_step_0001_0003_find_key.txt,intermediate_step_0001_0003_find_key.txt,1,3,find_key,3,right,0.842943,0.4
000247,106,intermediate,106/intermediate_step_0001_0003_find_key.txt,intermediate_step_0001_0003_find_key.txt,1,3,find_key,3,forward,0.860058,0.6
000247,106,intermediate,106/intermediate_step_0001_0003_find_key.txt,intermediate_step_0001_0003_find_key.txt,1,3,find_key,3,pickup,0.851458,0.0
000247,106,intermediate,106/intermediate_step_0001_0003_find_key.txt,intermediate_step_0001_0003_find_key.txt,1,3,find_key,3,toggle,0.851458,0.0
000787,458,intermediate,458/intermediate_step_0025_0027_reach_goal.txt,intermediate_step_0025_0027_reach_goal.txt,25,27,reach_goal,3,left,0.95099,0.94
000787,458,intermediate,458/intermediate_step_0025_0027_reach_goal.txt,intermediate_step_0025_0027_reach_goal.txt,25,27,reach_goal,3,right,0.960596,0.95
000787,458,intermediate,458/intermediate_step_0025_0027_reach_goal.txt,intermediate_step_0025_0027_reach_goal.txt,25,27,reach_goal,3,forward,0.970299,0.96
000787,458,intermediate,458/intermediate_step_0025_0027_reach_goal.txt,intermediate_step_0025_0027_reach_goal.txt,25,27,reach_goal,3,pickup,0.960596,0.0
000787,458,intermediate,458/intermediate_step_0025_0027_reach_goal.txt,intermediate_step_0025_0027_reach_goal.txt,25,27,reach_goal,3,toggle,0.960596,0.0
000769,458,transition,458/transition_step_0019_0021_open_door.txt,transition_step_0019_0021_open_door.txt,19,21,open_door,3,left,0.913517,0.7
000769,458,transition,458/transition_step_0019_0021_open_door.txt,transition_step_0019_0021_open_door.txt,19,21,open_door,3,right,0.913517,0.7
000769,458,transition,458/transition_step_0019_0021_open_door.txt,transition_step_0019_0021_open_door.txt,19,21,open_door,3,forward,0.922745,0.0
000769,458,transition,458/transition_step_0019_0021_open_door.txt,transition_step_0019_0021_open_door.txt,19,21,open_door,3,pickup,0.922745,0.0
000769,458,transition,458/transition_step_0019_0021_open_door.txt,transition_step_0019_0021_open_door.txt,19,21,open_door,3,toggle,0.932065,0.92
000145,860,intermediate,860/intermediate_step_0016_0018_open_door.txt,intermediate_step_0016_0018_open_door.txt,16,18,open_door,3,left,0.95099,0.94
000145,860,intermediate,860/intermediate_step_0016_0018_open_door.txt,intermediate_step_0016_0018_open_door.txt,16,18,open_door,3,right,0.932065,0.1
000145,860,intermediate,860/intermediate_step_0016_0018_open_door.txt,intermediate_step_0016_0018_open_door.txt,16,18,open_door,3,forward,0.913517,0.0
000145,860,intermediate,860/intermediate_step_0016_0018_open_door.txt,intermediate_step_0016_0018_open_door.txt,16,18,open_door,3,pickup,0.94148,0.0
000145,860,intermediate,860/intermediate_step_0016_0018_open_door.txt,intermediate_step_0016_0018_open_door.txt,16,18,open_door,3,toggle,0.94148,0.0
001111,130,intermediate,130/intermediate_step_0000_0000_find_key.txt,intermediate_step_0000_0000_find_key.txt,0,0,find_key,1,left,0.860058,0.1
001111,130,intermediate,130/intermediate_step_0000_0000_find_key.txt,intermediate_step_0000_0000_find_key.txt,0,0,find_key,1,right,0.877521,0.87
001111,130,intermediate,130/intermediate_step_0000_0000_find_key.txt,intermediate_step_0000_0000_find_key.txt,0,0,find_key,1,forward,0.860058,0.5
001111,130,intermediate,130/intermediate_step_0000_0000_find_key.txt,intermediate_step_0000_0000_find_key.txt,0,0,find_key,1,pickup,0.868746,0.0
001111,130,intermediate,130/intermediate_step_0000_0000_find_key.txt,intermediate_step_0000_0000_find_key.txt,0,0,find_key,1,toggle,0.868746,0.0
001081,663,off_track,663/off_track/off_track_step_0000_find_key.txt,off_track_step_0000_find_key.txt,0,0,find_key,3,left,0.904382,0.6
001081,663,off_track,663/off_track/off_track_step_0000_find_key.txt,off_track_step_0000_find_key.txt,0,0,find_key,3,right,0.904382,0.1
001081,663,off_track,663/off_track/off_track_step_0000_find_key.txt,off_track_step_0000_find_key.txt,0,0,find_key,3,forward,0.922745,0.0
001081,663,off_track,663/off_track/off_track_step_0000_find_key.txt,off_track_step_0000_find_key.txt,0,0,find_key,3,pickup,0.913517,0.0
001081,663,off_track,663/off_track/off_track_step_0000_find_key.txt,off_track_step_0000_find_key.txt,0,0,find_key,3,toggle,0.913517,0.0
001309,769,transition,769/transition_step_0031_0033_reach_goal.txt,transition_step_0031_0033_reach_goal.txt,31,33,reach_goal,3,left,0.9801,0.05
001309,769,transition,769/transition_step_0031_0033_reach_goal.txt,transition_step_0031_0033_reach_goal.txt,31,33,reach_goal,3,right,0.9801,0.05
001309,769,transition,769/transition_step_0031_0033_reach_goal.txt,transition_step_0031_0033_reach_goal.txt,31,33,reach_goal,3,forward,1.0,1.0
001309,769,transition,769/transition_step_0031_0033_reach_goal.txt,transition_step_0031_0033_reach_goal.txt,31,33,reach_goal,3,pickup,0.99,0.0
001309,769,transition,769/transition_step_0031_0033_reach_goal.txt,transition_step_0031_0033_reach_goal.txt,31,33,reach_goal,3,toggle,0.99,0.0
000211,270,intermediate,270/intermediate_step_0021_0023_reach_goal.txt,intermediate_step_0021_0023_reach_goal.txt,21,23,reach_goal,3,left,0.95099,0.1
000211,270,intermediate,270/intermediate_step_0021_0023_reach_goal.txt,intermediate_step_0021_0023_reach_goal.txt,21,23,reach_goal,3,right,0.95099,0.1
000211,270,intermediate,270/intermediate_step_0021_0023_reach_goal.txt,intermediate_step_0021_0023_reach_goal.txt,21,23,reach_goal,3,forward,0.970299,0.7
000211,270,intermediate,270/intermediate_step_0021_0023_reach_goal.txt,intermediate_step_0021_0023_reach_goal.txt,21,23,reach_goal,3,pickup,0.960596,0.0
000211,270,intermediate,270/intermediate_step_0021_0023_reach_goal.txt,intermediate_step_0021_0023_reach_goal.txt,21,23,reach_goal,3,toggle,0.960596,0.0
000451,20,intermediate,20/intermediate_step_0272_0274_reach_goal.txt,intermediate_step_0272_0274_reach_goal.txt,272,274,reach_goal,3,left,0.95099,0.1
000451,20,intermediate,20/intermediate_step_0272_0274_reach_goal.txt,intermediate_step_0272_0274_reach_goal.txt,272,274,reach_goal,3,right,0.95099,0.1
000451,20,intermediate,20/intermediate_step_0272_0274_reach_goal.txt,intermediate_step_0272_0274_reach_goal.txt,272,274,reach_goal,3,forward,0.970299,0.7
000451,20,intermediate,20/intermediate_step_0272_0274_reach_goal.txt,intermediate_step_0272_0274_reach_goal.txt,272,274,reach_goal,3,pickup,0.960596,0.0
000451,20,intermediate,20/intermediate_step_0272_0274_reach_goal.txt,intermediate_step_0272_0274_reach_goal.txt,272,274,reach_goal,3,toggle,0.95099,0.0
000577,121,off_track,121/off_track/off_track_step_0000_open_door.txt,off_track_step_0000_open_door.txt,0,0,open_door,3,left,0.860058,0.85
000577,121,off_track,121/off_track/off_track_step_0000_open_door.txt,off_track_step_0000_open_door.txt,0,0,open_door,3,right,0.877521,0.55
000577,121,off_track,121/off_track/off_track_step_0000_open_door.txt,off_track_step_0000_open_door.txt,0,0,open_door,3,forward,0.868746,0.05
000577,121,off_track,121/off_track/off_track_step_0000_open_door.txt,off_track_step_0000_open_door.txt,0,0,open_door,3,pickup,0.868746,0.0
000577,121,off_track,121/off_track/off_track_step_0000_open_door.txt,off_track_step_0000_open_door.txt,0,0,open_door,3,toggle,0.868746,0.0
000289,106,off_track,106/off_track/off_track_step_0000_reach_goal.txt,off_track_step_0000_reach_goal.txt,0,0,reach_goal,3,left,0.932065,0.75
000289,106,off_track,106/off_track/off_track_step_0000_reach_goal.txt,off_track_step_0000_reach_goal.txt,0,0,reach_goal,3,right,0.922745,0.45
000289,106,off_track,106/off_track/off_track_step_0000_reach_goal.txt,off_track_step_0000_reach_goal.txt,0,0,reach_goal,3,forward,0.922745,0.95
000289,106,off_track,106/off_track/off_track_step_0000_reach_goal.txt,off_track_step_0000_reach_goal.txt,0,0,reach_goal,3,pickup,0.922745,0.0
000289,106,off_track,106/off_track/off_track_step_0000_reach_goal.txt,off_track_step_0000_reach_goal.txt,0,0,reach_goal,3,toggle,0.922745,0.0
000727,330,intermediate,330/intermediate_step_0017_0019_reach_goal.txt,intermediate_step_0017_0019_reach_goal.txt,17,19,reach_goal,3,left,0.970299,0.95
000727,330,intermediate,330/intermediate_step_0017_0019_reach_goal.txt,intermediate_step_0017_0019_reach_goal.txt,17,19,reach_goal,3,right,0.95099,0.5
000727,330,intermediate,330/intermediate_step_0017_0019_reach_goal.txt,intermediate_step_0017_0019_reach_goal.txt,17,19,reach_goal,3,forward,0.94148,0.4
000727,330,intermediate,330/intermediate_step_0017_0019_reach_goal.txt,intermediate_step_0017_0019_reach_goal.txt,17,19,reach_goal,3,pickup,0.960596,0.0
000727,330,intermediate,330/intermediate_step_0017_0019_reach_goal.txt,intermediate_step_0017_0019_reach_goal.txt,17,19,reach_goal,3,toggle,0.960596,0.0
000565,121,intermediate,121/intermediate_step_0097_0099_reach_goal.txt,intermediate_step_0097_0099_reach_goal.txt,97,99,reach_goal,3,left,0.95099,0.1
000565,121,intermediate,121/intermediate_step_0097_0099_reach_goal.txt,intermediate_step_0097_0099_reach_goal.txt,97,99,reach_goal,3,right,0.95099,0.1
000565,121,intermediate,121/intermediate_step_0097_0099_reach_goal.txt,intermediate_step_0097_0099_reach_goal.txt,97,99,reach_goal,3,forward,0.970299,1.0
000565,121,intermediate,121/intermediate_step_0097_0099_reach_goal.txt,intermediate_step_0097_0099_reach_goal.txt,97,99,reach_goal,3,pickup,0.960596,0.0
000565,121,intermediate,121/intermediate_step_0097_0099_reach_goal.txt,intermediate_step_0097_0099_reach_goal.txt,97,99,reach_goal,3,toggle,0.960596,0.0
000325,71,transition,71/transition_step_0012_0014_reach_goal.txt,transition_step_0012_0014_reach_goal.txt,12,14,reach_goal,3,left,0.9801,0.98
000325,71,transition,71/transition_step_0012_0014_reach_goal.txt,transition_step_0012_0014_reach_goal.txt,12,14,reach_goal,3,right,0.9801,0.1
000325,71,transition,71/transition_step_0012_0014_reach_goal.txt,transition_step_0012_0014_reach_goal.txt,12,14,reach_goal,3,forward,1.0,1.0
000325,71,transition,71/transition_step_0012_0014_reach_goal.txt,transition_step_0012_0014_reach_goal.txt,12,14,reach_goal,3,pickup,0.99,0.0
000325,71,transition,71/transition_step_0012_0014_reach_goal.txt,transition_step_0012_0014_reach_goal.txt,12,14,reach_goal,3,toggle,0.99,0.0
000319,71,intermediate,71/intermediate_step_0001_0003_find_key.txt,intermediate_step_0001_0003_find_key.txt,1,3,find_key,3,left,0.895338,0.4
000319,71,intermediate,71/intermediate_step_0001_0003_find_key.txt,intermediate_step_0001_0003_find_key.txt,1,3,find_key,3,right,0.895338,0.4
000319,71,intermediate,71/intermediate_step_0001_0003_find_key.txt,intermediate_step_0001_0003_find_key.txt,1,3,find_key,3,forward,0.904382,0.8
000319,71,intermediate,71/intermediate_step_0001_0003_find_key.txt,intermediate_step_0001_0003_find_key.txt,1,3,find_key,3,pickup,0.913517,0.0
000319,71,intermediate,71/intermediate_step_0001_0003_find_key.txt,intermediate_step_0001_0003_find_key.txt,1,3,find_key,3,toggle,0.904382,0.0
000439,20,intermediate,20/intermediate_step_0268_0270_open_door.txt,intermediate_step_0268_0270_open_door.txt,268,270,open_door,3,left,0.95099,0.3
000439,20,intermediate,20/intermediate_step_0268_0270_open_door.txt,intermediate_step_0268_0270_open_door.txt,268,270,open_door,3,right,0.932065,0.9
000439,20,intermediate,20/intermediate_step_0268_0270_open_door.txt,intermediate_step_0268_0270_open_door.txt,268,270,open_door,3,forward,0.913517,0.5
000439,20,intermediate,20/intermediate_step_0268_0270_open_door.txt,intermediate_step_0268_0270_open_door.txt,268,270,open_door,3,pickup,0.94148,0.0
000439,20,intermediate,20/intermediate_step_0268_0270_open_door.txt,intermediate_step_0268_0270_open_door.txt,268,270,open_door,3,toggle,0.94148,0.0
001033,871,off_track,871/off_track/off_track_step_0000_open_door.txt,off_track_step_0000_open_door.txt,0,0,open_door,3,left,0.913517,0.0
001033,871,off_track,871/off_track/off_track_step_0000_open_door.txt,off_track_step_0000_open_door.txt,0,0,open_door,3,right,0.922745,0.0
001033,871,off_track,871/off_track/off_track_step_0000_open_door.txt,off_track_step_0000_open_door.txt,0,0,open_door,3,forward,0.913517,0.0
001033,871,off_track,871/off_track/off_track_step_0000_open_door.txt,off_track_step_0000_open_door.txt,0,0,open_door,3,pickup,0.913517,0.0
001033,871,off_track,871/off_track/off_track_step_0000_open_door.txt,off_track_step_0000_open_door.txt,0,0,open_door,3,toggle,0.913517,0.0
000409,700,off_track,700/off_track/off_track_step_0000_reach_goal.txt,off_track_step_0000_reach_goal.txt,0,0,reach_goal,3,left,0.922745,0.4
000409,700,off_track,700/off_track/off_track_step_0000_reach_goal.txt,off_track_step_0000_reach_goal.txt,0,0,reach_goal,3,right,0.932065,0.1
000409,700,off_track,700/off_track/off_track_step_0000_reach_goal.txt,off_track_step_0000_reach_goal.txt,0,0,reach_goal,3,forward,0.913517,0.0
000409,700,off_track,700/off_track/off_track_step_0000_reach_goal.txt,off_track_step_0000_reach_goal.txt,0,0,reach_goal,3,pickup,0.922745,0.0
000409,700,off_track,700/off_track/off_track_step_0000_reach_goal.txt,off_track_step_0000_reach_goal.txt,0,0,reach_goal,3,toggle,0.922745,0.0
000973,99,off_track,99/off_track/off_track_step_0000_find_key.txt,off_track_step_0000_find_key.txt,0,0,find_key,3,left,0.851458,0.05
000973,99,off_track,99/off_track/off_track_step_0000_find_key.txt,off_track_step_0000_find_key.txt,0,0,find_key,3,right,0.851458,0.25
000973,99,off_track,99/off_track/off_track_step_0000_find_key.txt,off_track_step_0000_find_key.txt,0,0,find_key,3,forward,0.868746,0.6
000973,99,off_track,99/off_track/off_track_step_0000_find_key.txt,off_track_step_0000_find_key.txt,0,0,find_key,3,pickup,0.860058,0.0
000973,99,off_track,99/off_track/off_track_step_0000_find_key.txt,off_track_step_0000_find_key.txt,0,0,find_key,3,toggle,0.860058,0.0
000817,87,transition,87/transition_step_0046_0048_find_key.txt,transition_step_0046_0048_find_key.txt,46,48,find_key,3,left,0.886385,0.05
000817,87,transition,87/transition_step_0046_0048_find_key.txt,transition_step_0046_0048_find_key.txt,46,48,find_key,3,right,0.886385,0.05
000817,87,transition,87/transition_step_0046_0048_find_key.txt,transition_step_0046_0048_find_key.txt,46,48,find_key,3,forward,0.895338,0.2
000817,87,transition,87/transition_step_0046_0048_find_key.txt,transition_step_0046_0048_find_key.txt,46,48,find_key,3,pickup,0.904382,0.6
000817,87,transition,87/transition_step_0046_0048_find_key.txt,transition_step_0046_0048_find_key.txt,46,48,find_key,3,toggle,0.895338,0.0
001189,661,transition,661/transition_step_0026_0028_reach_goal.txt,transition_step_0026_0028_reach_goal.txt,26,28,reach_goal,3,left,0.9801,0.02
001189,661,transition,661/transition_step_0026_0028_reach_goal.txt,transition_step_0026_0028_reach_goal.txt,26,28,reach_goal,3,right,0.9801,0.02
001189,661,transition,661/transition_step_0026_0028_reach_goal.txt,transition_step_0026_0028_reach_goal.txt,26,28,reach_goal,3,forward,1.0,0.9
001189,661,transition,661/transition_step_0026_0028_reach_goal.txt,transition_step_0026_0028_reach_goal.txt,26,28,reach_goal,3,pickup,0.99,0.0
001189,661,transition,661/transition_step_0026_0028_reach_goal.txt,transition_step_0026_0028_reach_goal.txt,26,28,reach_goal,3,toggle,0.99,0.0
000535,121,transition,121/transition_step_0002_0004_find_key.txt,transition_step_0002_0004_find_key.txt,2,4,find_key,3,left,0.860058,0.1
000535,121,transition,121/transition_step_0002_0004_find_key.txt,transition_step_0002_0004_find_key.txt,2,4,find_key,3,right,0.860058,0.1
000535,121,transition,121/transition_step_0002_0004_find_key.txt,transition_step_0002_0004_find_key.txt,2,4,find_key,3,forward,0.868746,1.0
000535,121,transition,121/transition_step_0002_0004_find_key.txt,transition_step_0002_0004_find_key.txt,2,4,find_key,3,pickup,0.877521,0.0
000535,121,transition,121/transition_step_0002_0004_find_key.txt,transition_step_0002_0004_find_key.txt,2,4,find_key,3,toggle,0.868746,0.0
001423,491,intermediate,491/intermediate_step_0056_0058_open_door.txt,intermediate_step_0056_0058_open_door.txt,56,58,open_door,3,left,0.922745,1.0
001423,491,intermediate,491/intermediate_step_0056_0058_open_door.txt,intermediate_step_0056_0058_open_door.txt,56,58,open_door,3,right,0.904382,0.1
001423,491,intermediate,491/intermediate_step_0056_0058_open_door.txt,intermediate_step_0056_0058_open_door.txt,56,58,open_door,3,forward,0.886385,0.1
001423,491,intermediate,491/intermediate_step_0056_0058_open_door.txt,intermediate_step_0056_0058_open_door.txt,56,58,open_door,3,pickup,0.913517,0.0
001423,491,intermediate,491/intermediate_step_0056_0058_open_door.txt,intermediate_step_0056_0058_open_door.txt,56,58,open_door,3,toggle,0.913517,0.0
000337,71,off_track,71/off_track/off_track_step_0000_find_key.txt,off_track_step_0000_find_key.txt,0,0,find_key,3,left,0.95099,1.0
000337,71,off_track,71/off_track/off_track_step_0000_find_key.txt,off_track_step_0000_find_key.txt,0,0,find_key,3,right,0.95099,0.1
000337,71,off_track,71/off_track/off_track_step_0000_find_key.txt,off_track_step_0000_find_key.txt,0,0,find_key,3,forward,0.932065,0.1
000337,71,off_track,71/off_track/off_track_step_0000_find_key.txt,off_track_step_0000_find_key.txt,0,0,find_key,3,pickup,0.94148,0.0
000337,71,off_track,71/off_track/off_track_step_0000_find_key.txt,off_track_step_0000_find_key.txt,0,0,find_key,3,toggle,0.94148,0.0
000415,20,worst,20/worst_step_0015_find_key.txt,worst_step_0015_find_key.txt,15,15,find_key,1,left,0.842943,1.0
000415,20,worst,20/worst_step_0015_find_key.txt,worst_step_0015_find_key.txt,15,15,find_key,1,right,0.842943,0.1
000415,20,worst,20/worst_step_0015_find_key.txt,worst_step_0015_find_key.txt,15,15,find_key,1,forward,0.834514,0.0
000415,20,worst,20/worst_step_0015_find_key.txt,worst_step_0015_find_key.txt,15,15,find_key,1,pickup,0.834514,0.0
000415,20,worst,20/worst_step_0015_find_key.txt,worst_step_0015_find_key.txt,15,15,find_key,1,toggle,0.834514,0.0
001063,663,intermediate,663/intermediate_step_0047_0049_open_door.txt,intermediate_step_0047_0049_open_door.txt,47,49,open_door,3,left,0.932065,0.55
001063,663,intermediate,663/intermediate_step_0047_0049_open_door.txt,intermediate_step_0047_0049_open_door.txt,47,49,open_door,3,right,0.932065,0.55
001063,663,intermediate,663/intermediate_step_0047_0049_open_door.txt,intermediate_step_0047_0049_open_door.txt,47,49,open_door,3,forward,0.913517,0.4
001063,663,intermediate,663/intermediate_step_0047_0049_open_door.txt,intermediate_step_0047_0049_open_door.txt,47,49,open_door,3,pickup,0.922745,0.0
001063,663,intermediate,663/intermediate_step_0047_0049_open_door.txt,intermediate_step_0047_0049_open_door.txt,47,49,open_door,3,toggle,0.922745,0.0
001705,955,transition,955/transition_step_0086_0088_open_door.txt,transition_step_0086_0088_open_door.txt,86,88,open_door,3,left,0.877521,0.1
001705,955,transition,955/transition_step_0086_0088_open_door.txt,transition_step_0086_0088_open_door.txt,86,88,open_door,3,right,0.877521,0.1
001705,955,transition,955/transition_step_0086_0088_open_door.txt,transition_step_0086_0088_open_door.txt,86,88,open_door,3,forward,0.886385,0.9
001705,955,transition,955/transition_step_0086_0088_open_door.txt,transition_step_0086_0088_open_door.txt,86,88,open_door,3,pickup,0.886385,0.0
001705,955,transition,955/transition_step_0086_0088_open_door.txt,transition_step_0086_0088_open_door.txt,86,88,open_door,3,toggle,0.895338,0.0
001183,661,intermediate,661/intermediate_step_0015_0017_open_door.txt,intermediate_step_0015_0017_open_door.txt,15,17,open_door,3,left,0.913517,0.85
001183,661,intermediate,661/intermediate_step_0015_0017_open_door.txt,intermediate_step_0015_0017_open_door.txt,15,17,open_door,3,right,0.895338,0.1
001183,661,intermediate,661/intermediate_step_0015_0017_open_door.txt,intermediate_step_0015_0017_open_door.txt,15,17,open_door,3,forward,0.877521,0.3
001183,661,intermediate,661/intermediate_step_0015_0017_open_door.txt,intermediate_step_0015_0017_open_door.txt,15,17,open_door,3,pickup,0.904382,0.0
001183,661,intermediate,661/intermediate_step_0015_0017_open_door.txt,intermediate_step_0015_0017_open_door.txt,15,17,open_door,3,toggle,0.904382,0.0
000913,372,off_track,372/off_track/off_track_step_0000_find_key.txt,off_track_step_0000_find_key.txt,0,0,find_key,3,left,0.95099,0.2
000913,372,off_track,372/off_track/off_track_step_0000_find_key.txt,off_track_step_0000_find_key.txt,0,0,find_key,3,right,0.932065,0.2
000913,372,off_track,372/off_track/off_track_step_0000_find_key.txt,off_track_step_0000_find_key.txt,0,0,find_key,3,forward,0.922745,0.75
000913,372,off_track,372/off_track/off_track_step_0000_find_key.txt,off_track_step_0000_find_key.txt,0,0,find_key,3,pickup,0.94148,0.0
000913,372,off_track,372/off_track/off_track_step_0000_find_key.txt,off_track_step_0000_find_key.txt,0,0,find_key,3,toggle,0.94148,0.0
000661,214,intermediate,214/intermediate_step_0000_0000_find_key.txt,intermediate_step_0000_0000_find_key.txt,0,0,find_key,1,left,0.860058,0.75
000661,214,intermediate,214/intermediate_step_0000_0000_find_key.txt,intermediate_step_0000_0000_find_key.txt,0,0,find_key,1,right,0.860058,0.1
000661,214,intermediate,214/intermediate_step_0000_0000_find_key.txt,intermediate_step_0000_0000_find_key.txt,0,0,find_key,1,forward,0.877521,0.85
000661,214,intermediate,214/intermediate_step_0000_0000_find_key.txt,intermediate_step_0000_0000_find_key.txt,0,0,find_key,1,pickup,0.868746,0.05
000661,214,intermediate,214/intermediate_step_0000_0000_find_key.txt,intermediate_step_0000_0000_find_key.txt,0,0,find_key,1,toggle,0.868746,0.05
000271,106,intermediate,106/intermediate_step_0015_0017_reach_goal.txt,intermediate_step_0015_0017_reach_goal.txt,15,17,reach_goal,3,left,0.95099,0.3
000271,106,intermediate,106/intermediate_step_0015_0017_reach_goal.txt,intermediate_step_0015_0017_reach_goal.txt,15,17,reach_goal,3,right,0.95099,0.1
000271,106,intermediate,106/intermediate_step_0015_0017_reach_goal.txt,intermediate_step_0015_0017_reach_goal.txt,15,17,reach_goal,3,forward,0.970299,0.95
000271,106,intermediate,106/intermediate_step_0015_0017_reach_goal.txt,intermediate_step_0015_0017_reach_goal.txt,15,17,reach_goal,3,pickup,0.960596,0.05
000271,106,intermediate,106/intermediate_step_0015_0017_reach_goal.txt,intermediate_step_0015_0017_reach_goal.txt,15,17,reach_goal,3,toggle,0.960596,0.05
001633,385,off_track,385/off_track/off_track_step_0000_reach_goal.txt,off_track_step_0000_reach_goal.txt,0,0,reach_goal,3,left,0.904382,0.85
001633,385,off_track,385/off_track/off_track_step_0000_reach_goal.txt,off_track_step_0000_reach_goal.txt,0,0,reach_goal,3,right,0.922745,0.4
001633,385,off_track,385/off_track/off_track_step_0000_reach_goal.txt,off_track_step_0000_reach_goal.txt,0,0,reach_goal,3,forward,0.922745,0.3
001633,385,off_track,385/off_track/off_track_step_0000_reach_goal.txt,off_track_step_0000_reach_goal.txt,0,0,reach_goal,3,pickup,0.913517,0.05
001633,385,off_track,385/off_track/off_track_step_0000_reach_goal.txt,off_track_step_0000_reach_goal.txt,0,0,reach_goal,3,toggle,0.913517,0.05
001501,413,off_track,413/off_track/off_track_step_0000_find_key.txt,off_track_step_0000_find_key.txt,0,0,find_key,3,left,0.886385,0.3
001501,413,off_track,413/off_track/off_track_step_0000_find_key.txt,off_track_step_0000_find_key.txt,0,0,find_key,3,right,0.886385,0.4
001501,413,off_track,413/off_track/off_track_step_0000_find_key.txt,off_track_step_0000_find_key.txt,0,0,find_key,3,forward,0.868746,0.9
001501,413,off_track,413/off_track/off_track_step_0000_find_key.txt,off_track_step_0000_find_key.txt,0,0,find_key,3,pickup,0.877521,0.05
001501,413,off_track,413/off_track/off_track_step_0000_find_key.txt,off_track_step_0000_find_key.txt,0,0,find_key,3,toggle,0.877521,0.05
001495,413,intermediate,413/intermediate_step_0019_0021_reach_goal.txt,intermediate_step_0019_0021_reach_goal.txt,19,21,reach_goal,3,left,0.95099,0.3
001495,413,intermediate,413/intermediate_step_0019_0021_reach_goal.txt,intermediate_step_0019_0021_reach_goal.txt,19,21,reach_goal,3,right,0.970299,0.3
001495,413,intermediate,413/intermediate_step_0019_0021_reach_goal.txt,intermediate_step_0019_0021_reach_goal.txt,19,21,reach_goal,3,forward,0.960596,0.9
001495,413,intermediate,413/intermediate_step_0019_0021_reach_goal.txt,intermediate_step_0019_0021_reach_goal.txt,19,21,reach_goal,3,pickup,0.960596,0.0
001495,413,intermediate,413/intermediate_step_0019_0021_reach_goal.txt,intermediate_step_0019_0021_reach_goal.txt,19,21,reach_goal,3,toggle,0.960596,0.1
000517,614,off_track,614/off_track/off_track_step_0000_open_door.txt,off_track_step_0000_open_door.txt,0,0,open_door,3,left,0.860058,0.5
000517,614,off_track,614/off_track/off_track_step_0000_open_door.txt,off_track_step_0000_open_door.txt,0,0,open_door,3,right,0.860058,0.3
000517,614,off_track,614/off_track/off_track_step_0000_open_door.txt,off_track_step_0000_open_door.txt,0,0,open_door,3,forward,0.877521,0.7
000517,614,off_track,614/off_track/off_track_step_0000_open_door.txt,off_track_step_0000_open_door.txt,0,0,open_door,3,pickup,0.868746,0.0
000517,614,off_track,614/off_track/off_track_step_0000_open_door.txt,off_track_step_0000_open_door.txt,0,0,open_door,3,toggle,0.868746,0.0
000523,614,off_track,614/off_track/off_track_step_0000_reach_goal.txt,off_track_step_0000_reach_goal.txt,0,0,reach_goal,3,left,0.860058,0.8
000523,614,off_track,614/off_track/off_track_step_0000_reach_goal.txt,off_track_step_0000_reach_goal.txt,0,0,reach_goal,3,right,0.860058,0.2
000523,614,off_track,614/off_track/off_track_step_0000_reach_goal.txt,off_track_step_0000_reach_goal.txt,0,0,reach_goal,3,forward,0.877521,0.6
000523,614,off_track,614/off_track/off_track_step_0000_reach_goal.txt,off_track_step_0000_reach_goal.txt,0,0,reach_goal,3,pickup,0.868746,0.0
000523,614,off_track,614/off_track/off_track_step_0000_reach_goal.txt,off_track_step_0000_reach_goal.txt,0,0,reach_goal,3,toggle,0.868746,0.0
000829,87,transition,87/transition_step_0050_0052_open_door.txt,transition_step_0050_0052_open_door.txt,50,52,open_door,3,left,0.922745,0.2
000829,87,transition,87/transition_step_0050_0052_open_door.txt,transition_step_0050_0052_open_door.txt,50,52,open_door,3,right,0.922745,0.2
000829,87,transition,87/transition_step_0050_0052_open_door.txt,transition_step_0050_0052_open_door.txt,50,52,open_door,3,forward,0.932065,0.6
000829,87,transition,87/transition_step_0050_0052_open_door.txt,transition_step_0050_0052_open_door.txt,50,52,open_door,3,pickup,0.932065,0.0
000829,87,transition,87/transition_step_0050_0052_open_door.txt,transition_step_0050_0052_open_door.txt,50,52,open_door,3,toggle,0.94148,0.9
000637,466,off_track,466/off_track/off_track_step_0000_open_door.txt,off_track_step_0000_open_door.txt,0,0,open_door,3,left,0.895338,0.1
000637,466,off_track,466/off_track/off_track_step_0000_open_door.txt,off_track_step_0000_open_door.txt,0,0,open_door,3,right,0.877521,0.9
000637,466,off_track,466/off_track/off_track_step_0000_open_door.txt,off_track_step_0000_open_door.txt,0,0,open_door,3,forward,0.860058,0.7
000637,466,off_track,466/off_track/off_track_step_0000_open_door.txt,off_track_step_0000_open_door.txt,0,0,open_door,3,pickup,0.886385,0.0
000637,466,off_track,466/off_track/off_track_step_0000_open_door.txt,off_track_step_0000_open_door.txt,0,0,open_door,3,toggle,0.886385,0.0
000943,99,intermediate,99/intermediate_step_0003_0005_find_key.txt,intermediate_step_0003_0005_find_key.txt,3,5,find_key,3,left,0.834514,0.1
000943,99,intermediate,99/intermediate_step_0003_0005_find_key.txt,intermediate_step_0003_0005_find_key.txt,3,5,find_key,3,right,0.834514,0.1
000943,99,intermediate,99/intermediate_step_0003_0005_find_key.txt,intermediate_step_0003_0005_find_key.txt,3,5,find_key,3,forward,0.851458,0.9
000943,99,intermediate,99/intermediate_step_0003_0005_find_key.txt,intermediate_step_0003_0005_find_key.txt,3,5,find_key,3,pickup,0.842943,0.0
000943,99,intermediate,99/intermediate_step_0003_0005_find_key.txt,intermediate_step_0003_0005_find_key.txt,3,5,find_key,3,toggle,0.842943,0.0
001321,769,off_track,769/off_track/off_track_step_0000_find_key.txt,off_track_step_0000_find_key.txt,0,0,find_key,3,left,0.886385,0.5
001321,769,off_track,769/off_track/off_track_step_0000_find_key.txt,off_track_step_0000_find_key.txt,0,0,find_key,3,right,0.868746,0.5
001321,769,off_track,769/off_track/off_track_step_0000_find_key.txt,off_track_step_0000_find_key.txt,0,0,find_key,3,forward,0.886385,0.0
001321,769,off_track,769/off_track/off_track_step_0000_find_key.txt,off_track_step_0000_find_key.txt,0,0,find_key,3,pickup,0.877521,0.0
001321,769,off_track,769/off_track/off_track_step_0000_find_key.txt,off_track_step_0000_find_key.txt,0,0,find_key,3,toggle,0.877521,0.0
000475,614,worst,614/worst_step_0000_find_key.txt,worst_step_0000_find_key.txt,0,0,find_key,1,left,0.842943,0.1
000475,614,worst,614/worst_step_0000_find_key.txt,worst_step_0000_find_key.txt,0,0,find_key,1,right,0.842943,0.1
000475,614,worst,614/worst_step_0000_find_key.txt,worst_step_0000_find_key.txt,0,0,find_key,1,forward,0.860058,0.9
000475,614,worst,614/worst_step_0000_find_key.txt,worst_step_0000_find_key.txt,0,0,find_key,1,pickup,0.851458,0.0
000475,614,worst,614/worst_step_0000_find_key.txt,worst_step_0000_find_key.txt,0,0,find_key,1,toggle,0.851458,0.0
000181,270,worst,270/worst_step_0000_find_key.txt,worst_step_0000_find_key.txt,0,0,find_key,1,left,0.886385,0.05
000181,270,worst,270/worst_step_0000_find_key.txt,worst_step_0000_find_key.txt,0,0,find_key,1,right,0.886385,0.05
000181,270,worst,270/worst_step_0000_find_key.txt,worst_step_0000_find_key.txt,0,0,find_key,1,forward,0.895338,0.85
000181,270,worst,270/worst_step_0000_find_key.txt,worst_step_0000_find_key.txt,0,0,find_key,1,pickup,0.904382,0.05
000181,270,worst,270/worst_step_0000_find_key.txt,worst_step_0000_find_key.txt,0,0,find_key,1,toggle,0.895338,0.01
001549,805,transition,805/transition_step_0080_0082_reach_goal.txt,transition_step_0080_0082_reach_goal.txt,80,82,reach_goal,3,left,0.9801,0.01
001549,805,transition,805/transition_step_0080_0082_reach_goal.txt,transition_step_0080_0082_reach_goal.txt,80,82,reach_goal,3,right,0.9801,0.01
001549,805,transition,805/transition_step_0080_0082_reach_goal.txt,transition_step_0080_0082_reach_goal.txt,80,82,reach_goal,3,forward,1.0,0.98
001549,805,transition,805/transition_step_0080_0082_reach_goal.txt,transition_step_0080_0082_reach_goal.txt,80,82,reach_goal,3,pickup,0.99,0.0
001549,805,transition,805/transition_step_0080_0082_reach_goal.txt,transition_step_0080_0082_reach_goal.txt,80,82,reach_goal,3,toggle,0.99,0.0
000793,458,off_track,458/off_track/off_track_step_0000_find_key.txt,off_track_step_0000_find_key.txt,0,0,find_key,3,left,0.913517,0.3
000793,458,off_track,458/off_track/off_track_step_0000_find_key.txt,off_track_step_0000_find_key.txt,0,0,find_key,3,right,0.922745,0.7
000793,458,off_track,458/off_track/off_track_step_0000_find_key.txt,off_track_step_0000_find_key.txt,0,0,find_key,3,forward,0.913517,0.01
000793,458,off_track,458/off_track/off_track_step_0000_find_key.txt,off_track_step_0000_find_key.txt,0,0,find_key,3,pickup,0.913517,0.01
000793,458,off_track,458/off_track/off_track_step_0000_find_key.txt,off_track_step_0000_find_key.txt,0,0,find_key,3,toggle,0.913517,0.01
000295,71,worst,71/worst_step_0000_find_key.txt,worst_step_0000_find_key.txt,0,0,find_key,1,left,0.886385,0.05
000295,71,worst,71/worst_step_0000_find_key.txt,worst_step_0000_find_key.txt,0,0,find_key,1,right,0.886385,0.8
000295,71,worst,71/worst_step_0000_find_key.txt,worst_step_0000_find_key.txt,0,0,find_key,1,forward,0.877521,0.01
000295,71,worst,71/worst_step_0000_find_key.txt,worst_step_0000_find_key.txt,0,0,find_key,1,pickup,0.877521,0.01
000295,71,worst,71/worst_step_0000_find_key.txt,worst_step_0000_find_key.txt,0,0,find_key,1,toggle,0.877521,0.01
001123,130,intermediate,130/intermediate_step_0052_0054_open_door.txt,intermediate_step_0052_0054_open_door.txt,52,54,open_door,3,left,0.94148,1.0
001123,130,intermediate,130/intermediate_step_0052_0054_open_door.txt,intermediate_step_0052_0054_open_door.txt,52,54,open_door,3,right,0.922745,0.6
001123,130,intermediate,130/intermediate_step_0052_0054_open_door.txt,intermediate_step_0052_0054_open_door.txt,52,54,open_door,3,forward,0.904382,0.4
001123,130,intermediate,130/intermediate_step_0052_0054_open_door.txt,intermediate_step_0052_0054_open_door.txt,52,54,open_door,3,pickup,0.932065,0.0
001123,130,intermediate,130/intermediate_step_0052_0054_open_door.txt,intermediate_step_0052_0054_open_door.txt,52,54,open_door,3,toggle,0.932065,0.0
001663,191,intermediate,191/intermediate_step_0040_0042_open_door.txt,intermediate_step_0040_0042_open_door.txt,40,42,open_door,3,left,0.868746,0.05
001663,191,intermediate,191/intermediate_step_0040_0042_open_door.txt,intermediate_step_0040_0042_open_door.txt,40,42,open_door,3,right,0.886385,0.95
001663,191,intermediate,191/intermediate_step_0040_0042_open_door.txt,intermediate_step_0040_0042_open_door.txt,40,42,open_door,3,forward,0.877521,0.0
001663,191,intermediate,191/intermediate_step_0040_0042_open_door.txt,intermediate_step_0040_0042_open_door.txt,40,42,open_door,3,pickup,0.877521,0.0
001663,191,intermediate,191/intermediate_step_0040_0042_open_door.txt,intermediate_step_0040_0042_open_door.txt,40,42,open_door,3,toggle,0.877521,0.0
000949,99,transition,99/transition_step_0036_0038_open_door.txt,transition_step_0036_0038_open_door.txt,36,38,open_door,3,left,0.904382,0.95
000949,99,transition,99/transition_step_0036_0038_open_door.txt,transition_step_0036_0038_open_door.txt,36,38,open_door,3,right,0.904382,0.05
000949,99,transition,99/transition_step_0036_0038_open_door.txt,transition_step_0036_0038_open_door.txt,36,38,open_door,3,forward,0.913517,0.0
000949,99,transition,99/transition_step_0036_0038_open_door.txt,transition_step_0036_0038_open_door.txt,36,38,open_door,3,pickup,0.913517,0.0
000949,99,transition,99/transition_step_0036_0038_open_door.txt,transition_step_0036_0038_open_door.txt,36,38,open_door,3,toggle,0.922745,0.0
000613,466,intermediate,466/intermediate_step_0091_0093_open_door.txt,intermediate_step_0091_0093_open_door.txt,91,93,open_door,3,left,0.886385,0.15
000613,466,intermediate,466/intermediate_step_0091_0093_open_door.txt,intermediate_step_0091_0093_open_door.txt,91,93,open_door,3,right,0.904382,0.0
000613,466,intermediate,466/intermediate_step_0091_0093_open_door.txt,intermediate_step_0091_0093_open_door.txt,91,93,open_door,3,forward,0.895338,0.85
000613,466,intermediate,466/intermediate_step_0091_0093_open_door.txt,intermediate_step_0091_0093_open_door.txt,91,93,open_door,3,pickup,0.895338,0.0
000613,466,intermediate,466/intermediate_step_0091_0093_open_door.txt,intermediate_step_0091_0093_open_door.txt,91,93,open_door,3,toggle,0.895338,0.0
001147,130,off_track,130/off_track/off_track_step_0000_open_door.txt,off_track_step_0000_open_door.txt,0,0,open_door,3,left,0.904382,0.15
001147,130,off_track,130/off_track/off_track_step_0000_open_door.txt,off_track_step_0000_open_door.txt,0,0,open_door,3,right,0.904382,0.85
001147,130,off_track,130/off_track/off_track_step_0000_open_door.txt,off_track_step_0000_open_door.txt,0,0,open_door,3,forward,0.886385,0.0
001147,130,off_track,130/off_track/off_track_step_0000_open_door.txt,off_track_step_0000_open_door.txt,0,0,open_door,3,pickup,0.895338,0.0
001147,130,off_track,130/off_track/off_track_step_0000_open_door.txt,off_track_step_0000_open_door.txt,0,0,open_door,3,toggle,0.895338,0.0
000619,466,transition,466/transition_step_0111_0113_reach_goal.txt,transition_step_0111_0113_reach_goal.txt,111,113,reach_goal,3,left,0.9801,0.95
000619,466,transition,466/transition_step_0111_0113_reach_goal.txt,transition_step_0111_0113_reach_goal.txt,111,113,reach_goal,3,right,0.9801,0.95
000619,466,transition,466/transition_step_0111_0113_reach_goal.txt,transition_step_0111_0113_reach_goal.txt,111,113,reach_goal,3,forward,1.0,0.98
000619,466,transition,466/transition_step_0111_0113_reach_goal.txt,transition_step_0111_0113_reach_goal.txt,111,113,reach_goal,3,pickup,0.99,0.0
000619,466,transition,466/transition_step_0111_0113_reach_goal.txt,transition_step_0111_0113_reach_goal.txt,111,113,reach_goal,3,toggle,0.99,0.0
001027,871,off_track,871/off_track/off_track_step_0000_find_key.txt,off_track_step_0000_find_key.txt,0,0,find_key,3,left,0.913517,0.1
001027,871,off_track,871/off_track/off_track_step_0000_find_key.txt,off_track_step_0000_find_key.txt,0,0,find_key,3,right,0.922745,0.1
001027,871,off_track,871/off_track/off_track_step_0000_find_key.txt,off_track_step_0000_find_key.txt,0,0,find_key,3,forward,0.913517,0.7
001027,871,off_track,871/off_track/off_track_step_0000_find_key.txt,off_track_step_0000_find_key.txt,0,0,find_key,3,pickup,0.913517,0.0
001027,871,off_track,871/off_track/off_track_step_0000_find_key.txt,off_track_step_0000_find_key.txt,0,0,find_key,3,toggle,0.913517,0.0
000109,435,off_track,435/off_track/off_track_step_0000_open_door.txt,off_track_step_0000_open_door.txt,0,0,open_door,3,left,0.94148,0.8
000109,435,off_track,435/off_track/off_track_step_0000_open_door.txt,off_track_step_0000_open_door.txt,0,0,open_door,3,right,0.95099,0.2
000109,435,off_track,435/off_track/off_track_step_0000_open_door.txt,off_track_step_0000_open_door.txt,0,0,open_door,3,forward,0.932065,0.0
000109,435,off_track,435/off_track/off_track_step_0000_open_door.txt,off_track_step_0000_open_door.txt,0,0,open_door,3,pickup,0.94148,0.0
000109,435,off_track,435/off_track/off_track_step_0000_open_door.txt,off_track_step_0000_open_door.txt,0,0,open_door,3,toggle,0.94148,0.0
001723,955,intermediate,955/intermediate_step_0096_0098_reach_goal.txt,intermediate_step_0096_0098_reach_goal.txt,96,98,reach_goal,3,left,0.95099,0.1
001723,955,intermediate,955/intermediate_step_0096_0098_reach_goal.txt,intermediate_step_0096_0098_reach_goal.txt,96,98,reach_goal,3,right,0.95099,0.9
001723,955,intermediate,955/intermediate_step_0096_0098_reach_goal.txt,intermediate_step_0096_0098_reach_goal.txt,96,98,reach_goal,3,forward,0.970299,0.0
001723,955,intermediate,955/intermediate_step_0096_0098_reach_goal.txt,intermediate_step_0096_0098_reach_goal.txt,96,98,reach_goal,3,pickup,0.960596,0.0
001723,955,intermediate,955/intermediate_step_0096_0098_reach_goal.txt,intermediate_step_0096_0098_reach_goal.txt,96,98,reach_goal,3,toggle,0.960596,0.0
001351,343,intermediate,343/intermediate_step_0000_0000_find_key.txt,intermediate_step_0000_0000_find_key.txt,0,0,find_key,1,left,0.842943,0.1
001351,343,intermediate,343/intermediate_step_0000_0000_find_key.txt,intermediate_step_0000_0000_find_key.txt,0,0,find_key,1,right,0.860058,0.6
001351,343,intermediate,343/intermediate_step_0000_0000_find_key.txt,intermediate_step_0000_0000_find_key.txt,0,0,find_key,1,forward,0.851458,0.0
001351,343,intermediate,343/intermediate_step_0000_0000_find_key.txt,intermediate_step_0000_0000_find_key.txt,0,0,find_key,1,pickup,0.851458,0.0
001351,343,intermediate,343/intermediate_step_0000_0000_find_key.txt,intermediate_step_0000_0000_find_key.txt,0,0,find_key,1,toggle,0.851458,0.0
000775,458,intermediate,458/intermediate_step_0016_0018_open_door.txt,intermediate_step_0016_0018_open_door.txt,16,18,open_door,3,left,0.922745,0.7
000775,458,intermediate,458/intermediate_step_0016_0018_open_door.txt,intermediate_step_0016_0018_open_door.txt,16,18,open_door,3,right,0.904382,0.0
000775,458,intermediate,458/intermediate_step_0016_0018_open_door.txt,intermediate_step_0016_0018_open_door.txt,16,18,open_door,3,forward,0.886385,0.1
000775,458,intermediate,458/intermediate_step_0016_0018_open_door.txt,intermediate_step_0016_0018_open_door.txt,16,18,open_door,3,pickup,0.913517,0.0
000775,458,intermediate,458/intermediate_step_0016_0018_open_door.txt,intermediate_step_0016_0018_open_door.txt,16,18,open_door,3,toggle,0.913517,0.0
001117,130,transition,130/transition_step_0055_0057_open_door.txt,transition_step_0055_0057_open_door.txt,55,57,open_door,3,left,0.932065,0.0
001117,130,transition,130/transition_step_0055_0057_open_door.txt,transition_step_0055_0057_open_door.txt,55,57,open_door,3,right,0.932065,0.0
001117,130,transition,130/transition_step_0055_0057_open_door.txt,transition_step_0055_0057_open_door.txt,55,57,open_door,3,forward,0.94148,0.3
001117,130,transition,130/transition_step_0055_0057_open_door.txt,transition_step_0055_0057_open_door.txt,55,57,open_door,3,pickup,0.94148,0.0
001117,130,transition,130/transition_step_0055_0057_open_door.txt,transition_step_0055_0057_open_door.txt,55,57,open_door,3,toggle,0.95099,0.7
000781,458,transition,458/transition_step_0028_0030_reach_goal.txt,transition_step_0028_0030_reach_goal.txt,28,30,reach_goal,3,left,0.9801,0.0
000781,458,transition,458/transition_step_0028_0030_reach_goal.txt,transition_step_0028_0030_reach_goal.txt,28,30,reach_goal,3,right,0.9801,0.0
000781,458,transition,458/transition_step_0028_0030_reach_goal.txt,transition_step_0028_0030_reach_goal.txt,28,30,reach_goal,3,forward,1.0,1.0
000781,458,transition,458/transition_step_0028_0030_reach_goal.txt,transition_step_0028_0030_reach_goal.txt,28,30,reach_goal,3,pickup,0.99,0.0
000781,458,transition,458/transition_step_0028_0030_reach_goal.txt,transition_step_0028_0030_reach_goal.txt,28,30,reach_goal,3,toggle,0.99,0.0
000529,121,worst,121/worst_step_0000_find_key.txt,worst_step_0000_find_key.txt,0,0,find_key,1,left,0.842943,0.5
000529,121,worst,121/worst_step_0000_find_key.txt,worst_step_0000_find_key.txt,0,0,find_key,1,right,0.842943,0.3
000529,121,worst,121/worst_step_0000_find_key.txt,worst_step_0000_find_key.txt,0,0,find_key,1,forward,0.826169,0.2
000529,121,worst,121/worst_step_0000_find_key.txt,worst_step_0000_find_key.txt,0,0,find_key,1,pickup,0.834514,0.0
000529,121,worst,121/worst_step_0000_find_key.txt,worst_step_0000_find_key.txt,0,0,find_key,1,toggle,0.834514,0.0
000391,700,intermediate,700/intermediate_step_0032_0034_reach_goal.txt,intermediate_step_0032_0034_reach_goal.txt,32,34,reach_goal,3,left,0.95099,0.1
000391,700,intermediate,700/intermediate_step_0032_0034_reach_goal.txt,intermediate_step_0032_0034_reach_goal.txt,32,34,reach_goal,3,right,0.970299,0.8
000391,700,intermediate,700/intermediate_step_0032_0034_reach_goal.txt,intermediate_step_0032_0034_reach_goal.txt,32,34,reach_goal,3,forward,0.960596,0.0
000391,700,intermediate,700/intermediate_step_0032_0034_reach_goal.txt,intermediate_step_0032_0034_reach_goal.txt,32,34,reach_goal,3,pickup,0.960596,0.0
000391,700,intermediate,700/intermediate_step_0032_0034_reach_goal.txt,intermediate_step_0032_0034_reach_goal.txt,32,34,reach_goal,3,toggle,0.960596,0.0
001015,871,transition,871/transition_step_0015_0017_reach_goal.txt,transition_step_0015_0017_reach_goal.txt,15,17,reach_goal,3,left,0.9801,0.0
001015,871,transition,871/transition_step_0015_0017_reach_goal.txt,transition_step_0015_0017_reach_goal.txt,15,17,reach_goal,3,right,0.9801,0.0
001015,871,transition,871/transition_step_0015_0017_reach_goal.txt,transition_step_0015_0017_reach_goal.txt,15,17,reach_goal,3,forward,1.0,1.0
001015,871,transition,871/transition_step_0015_0017_reach_goal.txt,transition_step_0015_0017_reach_goal.txt,15,17,reach_goal,3,pickup,0.99,0.0
001015,871,transition,871/transition_step_0015_0017_reach_goal.txt,transition_step_0015_0017_reach_goal.txt,15,17,reach_goal,3,toggle,0.99,0.0
001219,308,worst,308/worst_step_0001_find_key.txt,worst_step_0001_find_key.txt,1,1,find_key,1,left,0.834514,0.6
001219,308,worst,308/worst_step_0001_find_key.txt,worst_step_0001_find_key.txt,1,1,find_key,1,right,0.834514,0.3
001219,308,worst,308/worst_step_0001_find_key.txt,worst_step_0001_find_key.txt,1,1,find_key,1,forward,0.817907,0.1
001219,308,worst,308/worst_step_0001_find_key.txt,worst_step_0001_find_key.txt,1,1,find_key,1,pickup,0.826169,0.0
001219,308,worst,308/worst_step_0001_find_key.txt,worst_step_0001_find_key.txt,1,1,find_key,1,toggle,0.826169,0.0
001639,191,worst,191/worst_step_0000_find_key.txt,worst_step_0000_find_key.txt,0,0,find_key,1,left,0.826169,0.1
001639,191,worst,191/worst_step_0000_find_key.txt,worst_step_0000_find_key.txt,0,0,find_key,1,right,0.826169,0.3
001639,191,worst,191/worst_step_0000_find_key.txt,worst_step_0000_find_key.txt,0,0,find_key,1,forward,0.817907,0.0
001639,191,worst,191/worst_step_0000_find_key.txt,worst_step_0000_find_key.txt,0,0,find_key,1,pickup,0.817907,0.0
001639,191,worst,191/worst_step_0000_find_key.txt,worst_step_0000_find_key.txt,0,0,find_key,1,toggle,0.817907,0.0
001693,955,transition,955/transition_step_0034_0036_find_key.txt,transition_step_0034_0036_find_key.txt,34,36,find_key,3,left,0.834514,0.9
001693,955,transition,955/transition_step_0034_0036_find_key.txt,transition_step_0034_0036_find_key.txt,34,36,find_key,3,right,0.834514,0.2
001693,955,transition,955/transition_step_0034_0036_find_key.txt,transition_step_0034_0036_find_key.txt,34,36,find_key,3,forward,0.842943,0.0
001693,955,transition,955/transition_step_0034_0036_find_key.txt,transition_step_0034_0036_find_key.txt,34,36,find_key,3,pickup,0.851458,0.0
001693,955,transition,955/transition_step_0034_0036_find_key.txt,transition_step_0034_0036_find_key.txt,34,36,find_key,3,toggle,0.842943,0.0
001345,343,transition,343/transition_step_0001_0003_find_key.txt,transition_step_0001_0003_find_key.txt,1,3,find_key,3,left,0.860058,0.1
001345,343,transition,343/transition_step_0001_0003_find_key.txt,transition_step_0001_0003_find_key.txt,1,3,find_key,3,right,0.860058,0.9
001345,343,transition,343/transition_step_0001_0003_find_key.txt,transition_step_0001_0003_find_key.txt,1,3,find_key,3,forward,0.868746,0.3
001345,343,transition,343/transition_step_0001_0003_find_key.txt,transition_step_0001_0003_find_key.txt,1,3,find_key,3,pickup,0.877521,0.0
001345,343,transition,343/transition_step_0001_0003_find_key.txt,transition_step_0001_0003_find_key.txt,1,3,find_key,3,toggle,0.868746,0.0
001507,413,off_track,413/off_track/off_track_step_0000_open_door.txt,off_track_step_0000_open_door.txt,0,0,open_door,3,left,0.886385,0.4
001507,413,off_track,413/off_track/off_track_step_0000_open_door.txt,off_track_step_0000_open_door.txt,0,0,open_door,3,right,0.886385,0.4
001507,413,off_track,413/off_track/off_track_step_0000_open_door.txt,off_track_step_0000_open_door.txt,0,0,open_door,3,forward,0.868746,0.0
001507,413,off_track,413/off_track/off_track_step_0000_open_door.txt,off_track_step_0000_open_door.txt,0,0,open_door,3,pickup,0.877521,0.0
001507,413,off_track,413/off_track/off_track_step_0000_open_door.txt,off_track_step_0000_open_door.txt,0,0,open_door,3,toggle,0.877521,0.0
001729,955,off_track,955/off_track/off_track_step_0000_reach_goal.txt,off_track_step_0000_reach_goal.txt,0,0,reach_goal,3,left,0.970299,0.94
001729,955,off_track,955/off_track/off_track_step_0000_reach_goal.txt,off_track_step_0000_reach_goal.txt,0,0,reach_goal,3,right,0.970299,0.94
001729,955,off_track,955/off_track/off_track_step_0000_reach_goal.txt,off_track_step_0000_reach_goal.txt,0,0,reach_goal,3,forward,0.95099,0.91
001729,955,off_track,955/off_track/off_track_step_0000_reach_goal.txt,off_track_step_0000_reach_goal.txt,0,0,reach_goal,3,pickup,0.960596,0.0
001729,955,off_track,955/off_track/off_track_step_0000_reach_goal.txt,off_track_step_0000_reach_goal.txt,0,0,reach_goal,3,toggle,0.960596,0.0
001561,805,off_track,805/off_track/off_track_step_0000_find_key.txt,off_track_step_0000_find_key.txt,0,0,find_key,3,left,0.95099,0.65
001561,805,off_track,805/off_track/off_track_step_0000_find_key.txt,off_track_step_0000_find_key.txt,0,0,find_key,3,right,0.94148,0.7
001561,805,off_track,805/off_track/off_track_step_0000_find_key.txt,off_track_step_0000_find_key.txt,0,0,find_key,3,forward,0.960596,0.55
001561,805,off_track,805/off_track/off_track_step_0000_find_key.txt,off_track_step_0000_find_key.txt,0,0,find_key,3,pickup,0.95099,0.0
001561,805,off_track,805/off_track/off_track_step_0000_find_key.txt,off_track_step_0000_find_key.txt,0,0,find_key,3,toggle,0.95099,0.0
000493,614,intermediate,614/intermediate_step_0046_0048_open_door.txt,intermediate_step_0046_0048_open_door.txt,46,48,open_door,3,left,0.895338,0.5
000493,614,intermediate,614/intermediate_step_0046_0048_open_door.txt,intermediate_step_0046_0048_open_door.txt,46,48,open_door,3,right,0.913517,0.85
000493,614,intermediate,614/intermediate_step_0046_0048_open_door.txt,intermediate_step_0046_0048_open_door.txt,46,48,open_door,3,forward,0.877521,0.75
000493,614,intermediate,614/intermediate_step_0046_0048_open_door.txt,intermediate_step_0046_0048_open_door.txt,46,48,open_door,3,pickup,0.904382,0.0
000493,614,intermediate,614/intermediate_step_0046_0048_open_door.txt,intermediate_step_0046_0048_open_door.txt,46,48,open_door,3,toggle,0.904382,0.0
001435,491,intermediate,491/intermediate_step_0063_0065_reach_goal.txt,intermediate_step_0063_0065_reach_goal.txt,63,65,reach_goal,3,left,0.95099,0.4
001435,491,intermediate,491/intermediate_step_0063_0065_reach_goal.txt,intermediate_step_0063_0065_reach_goal.txt,63,65,reach_goal,3,right,0.960596,0.82
001435,491,intermediate,491/intermediate_step_0063_0065_reach_goal.txt,intermediate_step_0063_0065_reach_goal.txt,63,65,reach_goal,3,forward,0.970299,0.92
001435,491,intermediate,491/intermediate_step_0063_0065_reach_goal.txt,intermediate_step_0063_0065_reach_goal.txt,63,65,reach_goal,3,pickup,0.960596,0.0
001435,491,intermediate,491/intermediate_step_0063_0065_reach_goal.txt,intermediate_step_0063_0065_reach_goal.txt,63,65,reach_goal,3,toggle,0.960596,0.0
001243,308,intermediate,308/intermediate_step_0064_0066_open_door.txt,intermediate_step_0064_0066_open_door.txt,64,66,open_door,3,left,0.886385,0.05
001243,308,intermediate,308/intermediate_step_0064_0066_open_door.txt,intermediate_step_0064_0066_open_door.txt,64,66,open_door,3,right,0.904382,0.85
001243,308,intermediate,308/intermediate_step_0064_0066_open_door.txt,intermediate_step_0064_0066_open_door.txt,64,66,open_door,3,forward,0.895338,0.0
001243,308,intermediate,308/intermediate_step_0064_0066_open_door.txt,intermediate_step_0064_0066_open_door.txt,64,66,open_door,3,pickup,0.895338,0.0
001243,308,intermediate,308/intermediate_step_0064_0066_open_door.txt,intermediate_step_0064_0066_open_door.txt,64,66,open_door,3,toggle,0.895338,0.05
001165,661,transition,661/transition_step_0001_0003_find_key.txt,transition_step_0001_0003_find_key.txt,1,3,find_key,3,left,0.851458,0.0
001165,661,transition,661/transition_step_0001_0003_find_key.txt,transition_step_0001_0003_find_key.txt,1,3,find_key,3,right,0.851458,0.1
001165,661,transition,661/transition_step_0001_0003_find_key.txt,transition_step_0001_0003_find_key.txt,1,3,find_key,3,forward,0.860058,0.75
001165,661,transition,661/transition_step_0001_0003_find_key.txt,transition_step_0001_0003_find_key.txt,1,3,find_key,3,pickup,0.868746,0.0
001165,661,transition,661/transition_step_0001_0003_find_key.txt,transition_step_0001_0003_find_key.txt,1,3,find_key,3,toggle,0.860058,0.0
000487,614,transition,614/transition_step_0049_0051_open_door.txt,transition_step_0049_0051_open_door.txt,49,51,open_door,3,left,0.904382,0.05
000487,614,transition,614/transition_step_0049_0051_open_door.txt,transition_step_0049_0051_open_door.txt,49,51,open_door,3,right,0.904382,0.05
000487,614,transition,614/transition_step_0049_0051_open_door.txt,transition_step_0049_0051_open_door.txt,49,51,open_door,3,forward,0.913517,0.75
000487,614,transition,614/transition_step_0049_0051_open_door.txt,transition_step_0049_0051_open_door.txt,49,51,open_door,3,pickup,0.913517,0.0
000487,614,transition,614/transition_step_0049_0051_open_door.txt,transition_step_0049_0051_open_door.txt,49,51,open_door,3,toggle,0.922745,0.95
000349,71,off_track,71/off_track/off_track_step_0000_reach_goal.txt,off_track_step_0000_reach_goal.txt,0,0,reach_goal,3,left,0.95099,0.5
000349,71,off_track,71/off_track/off_track_step_0000_reach_goal.txt,off_track_step_0000_reach_goal.txt,0,0,reach_goal,3,right,0.95099,0.5
000349,71,off_track,71/off_track/off_track_step_0000_reach_goal.txt,off_track_step_0000_reach_goal.txt,0,0,reach_goal,3,forward,0.932065,0.1
000349,71,off_track,71/off_track/off_track_step_0000_reach_goal.txt,off_track_step_0000_reach_goal.txt,0,0,reach_goal,3,pickup,0.94148,0.0
000349,71,off_track,71/off_track/off_track_step_0000_reach_goal.txt,off_track_step_0000_reach_goal.txt,0,0,reach_goal,3,toggle,0.94148,0.0
000583,121,off_track,121/off_track/off_track_step_0000_reach_goal.txt,off_track_step_0000_reach_goal.txt,0,0,reach_goal,3,left,0.860058,0.6
000583,121,off_track,121/off_track/off_track_step_0000_reach_goal.txt,off_track_step_0000_reach_goal.txt,0,0,reach_goal,3,right,0.877521,0.04
000583,121,off_track,121/off_track/off_track_step_0000_reach_goal.txt,off_track_step_0000_reach_goal.txt,0,0,reach_goal,3,forward,0.868746,0.36
000583,121,off_track,121/off_track/off_track_step_0000_reach_goal.txt,off_track_step_0000_reach_goal.txt,0,0,reach_goal,3,pickup,0.868746,0.0
000583,121,off_track,121/off_track/off_track_step_0000_reach_goal.txt,off_track_step_0000_reach_goal.txt,0,0,reach_goal,3,toggle,0.868746,0.0
000169,860,off_track,860/off_track/off_track_step_0000_open_door.txt,off_track_step_0000_open_door.txt,0,0,open_door,3,left,0.922745,0.1
000169,860,off_track,860/off_track/off_track_step_0000_open_door.txt,off_track_step_0000_open_door.txt,0,0,open_door,3,right,0.904382,0.1
000169,860,off_track,860/off_track/off_track_step_0000_open_door.txt,off_track_step_0000_open_door.txt,0,0,open_door,3,forward,0.904382,0.8
000169,860,off_track,860/off_track/off_track_step_0000_open_door.txt,off_track_step_0000_open_door.txt,0,0,open_door,3,pickup,0.913517,0.0
000169,860,off_track,860/off_track/off_track_step_0000_open_door.txt,off_track_step_0000_open_door.txt,0,0,open_door,3,toggle,0.913517,0.0
001135,130,intermediate,130/intermediate_step_0057_0059_reach_goal.txt,intermediate_step_0057_0059_reach_goal.txt,57,59,reach_goal,3,left,0.95099,0.0
001135,130,intermediate,130/intermediate_step_0057_0059_reach_goal.txt,intermediate_step_0057_0059_reach_goal.txt,57,59,reach_goal,3,right,0.95099,0.0
001135,130,intermediate,130/intermediate_step_0057_0059_reach_goal.txt,intermediate_step_0057_0059_reach_goal.txt,57,59,reach_goal,3,forward,0.970299,1.0
001135,130,intermediate,130/intermediate_step_0057_0059_reach_goal.txt,intermediate_step_0057_0059_reach_goal.txt,57,59,reach_goal,3,pickup,0.960596,0.0
001135,130,intermediate,130/intermediate_step_0057_0059_reach_goal.txt,intermediate_step_0057_0059_reach_goal.txt,57,59,reach_goal,3,toggle,0.960596,0.0
001399,491,worst,491/worst_step_0025_find_key.txt,worst_step_0025_find_key.txt,25,25,find_key,1,left,0.877521,0.45
001399,491,worst,491/worst_step_0025_find_key.txt,worst_step_0025_find_key.txt,25,25,find_key,1,right,0.877521,0.45
001399,491,worst,491/worst_step_0025_find_key.txt,worst_step_0025_find_key.txt,25,25,find_key,1,forward,0.860058,0.1
001399,491,worst,491/worst_step_0025_find_key.txt,worst_step_0025_find_key.txt,25,25,find_key,1,pickup,0.868746,0.0
001399,491,worst,491/worst_step_0025_find_key.txt,worst_step_0025_find_key.txt,25,25,find_key,1,toggle,0.868746,0.0
000355,700,worst,700/worst_step_0000_find_key.txt,worst_step_0000_find_key.txt,0,0,find_key,1,left,0.817907,0.75
000355,700,worst,700/worst_step_0000_find_key.txt,worst_step_0000_find_key.txt,0,0,find_key,1,right,0.817907,0.1
000355,700,worst,700/worst_step_0000_find_key.txt,worst_step_0000_find_key.txt,0,0,find_key,1,forward,0.834514,0.86
000355,700,worst,700/worst_step_0000_find_key.txt,worst_step_0000_find_key.txt,0,0,find_key,1,pickup,0.826169,0.01
000355,700,worst,700/worst_step_0000_find_key.txt,worst_step_0000_find_key.txt,0,0,find_key,1,toggle,0.826169,0.01
001405,491,transition,491/transition_step_0026_0028_find_key.txt,transition_step_0026_0028_find_key.txt,26,28,find_key,3,left,0.886385,0.7
001405,491,transition,491/transition_step_0026_0028_find_key.txt,transition_step_0026_0028_find_key.txt,26,28,find_key,3,right,0.886385,0.7
001405,491,transition,491/transition_step_0026_0028_find_key.txt,transition_step_0026_0028_find_key.txt,26,28,find_key,3,forward,0.895338,0.91
001405,491,transition,491/transition_step_0026_0028_find_key.txt,transition_step_0026_0028_find_key.txt,26,28,find_key,3,pickup,0.904382,0.01
001405,491,transition,491/transition_step_0026_0028_find_key.txt,transition_step_0026_0028_find_key.txt,26,28,find_key,3,toggle,0.895338,0.01
001483,413,intermediate,413/intermediate_step_0011_0013_open_door.txt,intermediate_step_0011_0013_open_door.txt,11,13,open_door,3,left,0.895338,0.85
001483,413,intermediate,413/intermediate_step_0011_0013_open_door.txt,intermediate_step_0011_0013_open_door.txt,11,13,open_door,3,right,0.913517,0.85
001483,413,intermediate,413/intermediate_step_0011_0013_open_door.txt,intermediate_step_0011_0013_open_door.txt,11,13,open_door,3,forward,0.877521,0.2
001483,413,intermediate,413/intermediate_step_0011_0013_open_door.txt,intermediate_step_0011_0013_open_door.txt,11,13,open_door,3,pickup,0.904382,0.01
001483,413,intermediate,413/intermediate_step_0011_0013_open_door.txt,intermediate_step_0011_0013_open_door.txt,11,13,open_door,3,toggle,0.904382,0.01
001579,385,worst,385/worst_step_0002_find_key.txt,worst_step_0002_find_key.txt,2,2,find_key,1,left,0.868746,0.82
001579,385,worst,385/worst_step_0002_find_key.txt,worst_step_0002_find_key.txt,2,2,find_key,1,right,0.868746,0.82
001579,385,worst,385/worst_step_0002_find_key.txt,worst_step_0002_find_key.txt,2,2,find_key,1,forward,0.860058,0.01
001579,385,worst,385/worst_step_0002_find_key.txt,worst_step_0002_find_key.txt,2,2,find_key,1,pickup,0.860058,0.01
001579,385,worst,385/worst_step_0002_find_key.txt,worst_step_0002_find_key.txt,2,2,find_key,1,toggle,0.860058,0.01
001357,343,transition,343/transition_step_0195_0197_open_door.txt,transition_step_0195_0197_open_door.txt,195,197,open_door,3,left,0.904382,0.01
001357,343,transition,343/transition_step_0195_0197_open_door.txt,transition_step_0195_0197_open_door.txt,195,197,open_door,3,right,0.904382,0.01
001357,343,transition,343/transition_step_0195_0197_open_door.txt,transition_step_0195_0197_open_door.txt,195,197,open_door,3,forward,0.913517,0.01
001357,343,transition,343/transition_step_0195_0197_open_door.txt,transition_step_0195_0197_open_door.txt,195,197,open_door,3,pickup,0.913517,0.0
001357,343,transition,343/transition_step_0195_0197_open_door.txt,transition_step_0195_0197_open_door.txt,195,197,open_door,3,toggle,0.922745,0.97
001141,130,off_track,130/off_track/off_track_step_0000_find_key.txt,off_track_step_0000_find_key.txt,0,0,find_key,3,left,0.904382,0.01
001141,130,off_track,130/off_track/off_track_step_0000_find_key.txt,off_track_step_0000_find_key.txt,0,0,find_key,3,right,0.904382,0.8
001141,130,off_track,130/off_track/off_track_step_0000_find_key.txt,off_track_step_0000_find_key.txt,0,0,find_key,3,forward,0.886385,0.1
001141,130,off_track,130/off_track/off_track_step_0000_find_key.txt,off_track_step_0000_find_key.txt,0,0,find_key,3,pickup,0.895338,0.0
001141,130,off_track,130/off_track/off_track_step_0000_find_key.txt,off_track_step_0000_find_key.txt,0,0,find_key,3,toggle,0.895338,0.09
001513,413,off_track,413/off_track/off_track_step_0000_reach_goal.txt,off_track_step_0000_reach_goal.txt,0,0,reach_goal,3,left,0.886385,0.8
001513,413,off_track,413/off_track/off_track_step_0000_reach_goal.txt,off_track_step_0000_reach_goal.txt,0,0,reach_goal,3,right,0.886385,0.1
001513,413,off_track,413/off_track/off_track_step_0000_reach_goal.txt,off_track_step_0000_reach_goal.txt,0,0,reach_goal,3,forward,0.868746,0.01
001513,413,off_track,413/off_track/off_track_step_0000_reach_goal.txt,off_track_step_0000_reach_goal.txt,0,0,reach_goal,3,pickup,0.877521,0.0
001513,413,off_track,413/off_track/off_track_step_0000_reach_goal.txt,off_track_step_0000_reach_goal.txt,0,0,reach_goal,3,toggle,0.877521,0.09
001003,871,transition,871/transition_step_0004_0006_open_door.txt,transition_step_0004_0006_open_door.txt,4,6,open_door,3,left,0.895338,0.01
001003,871,transition,871/transition_step_0004_0006_open_door.txt,transition_step_0004_0006_open_door.txt,4,6,open_door,3,right,0.895338,0.01
001003,871,transition,871/transition_step_0004_0006_open_door.txt,transition_step_0004_0006_open_door.txt,4,6,open_door,3,forward,0.904382,0.01
001003,871,transition,871/transition_step_0004_0006_open_door.txt,transition_step_0004_0006_open_door.txt,4,6,open_door,3,pickup,0.904382,0.0
001003,871,transition,871/transition_step_0004_0006_open_door.txt,transition_step_0004_0006_open_door.txt,4,6,open_door,3,toggle,0.913517,0.97
000595,466,transition,466/transition_step_0006_0008_find_key.txt,transition_step_0006_0008_find_key.txt,6,8,find_key,3,left,0.868746,0.15
000595,466,transition,466/transition_step_0006_0008_find_key.txt,transition_step_0006_0008_find_key.txt,6,8,find_key,3,right,0.868746,0.15
000595,466,transition,466/transition_step_0006_0008_find_key.txt,transition_step_0006_0008_find_key.txt,6,8,find_key,3,forward,0.877521,0.7
000595,466,transition,466/transition_step_0006_0008_find_key.txt,transition_step_0006_0008_find_key.txt,6,8,find_key,3,pickup,0.886385,0.0
000595,466,transition,466/transition_step_0006_0008_find_key.txt,transition_step_0006_0008_find_key.txt,6,8,find_key,3,toggle,0.877521,0.0
001201,661,off_track,661/off_track/off_track_step_0000_find_key.txt,off_track_step_0000_find_key.txt,0,0,find_key,3,left,0.960596,0.2
001201,661,off_track,661/off_track/off_track_step_0000_find_key.txt,off_track_step_0000_find_key.txt,0,0,find_key,3,right,0.95099,0.8
001201,661,off_track,661/off_track/off_track_step_0000_find_key.txt,off_track_step_0000_find_key.txt,0,0,find_key,3,forward,0.970299,0.0
001201,661,off_track,661/off_track/off_track_step_0000_find_key.txt,off_track_step_0000_find_key.txt,0,0,find_key,3,pickup,0.960596,0.0
001201,661,off_track,661/off_track/off_track_step_0000_find_key.txt,off_track_step_0000_find_key.txt,0,0,find_key,3,toggle,0.960596,0.0
000649,214,worst,214/worst_step_0001_find_key.txt,worst_step_0001_find_key.txt,1,1,find_key,1,left,0.868746,0.8
000649,214,worst,214/worst_step_0001_find_key.txt,worst_step_0001_find_key.txt,1,1,find_key,1,right,0.851458,0.2
000649,214,worst,214/worst_step_0001_find_key.txt,worst_step_0001_find_key.txt,1,1,find_key,1,forward,0.860058,0.0
000649,214,worst,214/worst_step_0001_find_key.txt,worst_step_0001_find_key.txt,1,1,find_key,1,pickup,0.860058,0.0
000649,214,worst,214/worst_step_0001_find_key.txt,worst_step_0001_find_key.txt,1,1,find_key,1,toggle,0.860058,0.0
000229,270,off_track,270/off_track/off_track_step_0000_reach_goal.txt,off_track_step_0000_reach_goal.txt,0,0,reach_goal,3,left,0.895338,0.4
000229,270,off_track,270/off_track/off_track_step_0000_reach_goal.txt,off_track_step_0000_reach_goal.txt,0,0,reach_goal,3,right,0.895338,0.4
000229,270,off_track,270/off_track/off_track_step_0000_reach_goal.txt,off_track_step_0000_reach_goal.txt,0,0,reach_goal,3,forward,0.877521,0.2
000229,270,off_track,270/off_track/off_track_step_0000_reach_goal.txt,off_track_step_0000_reach_goal.txt,0,0,reach_goal,3,pickup,0.886385,0.0
000229,270,off_track,270/off_track/off_track_step_0000_reach_goal.txt,off_track_step_0000_reach_goal.txt,0,0,reach_goal,3,toggle,0.886385,0.0
001039,871,off_track,871/off_track/off_track_step_0000_reach_goal.txt,off_track_step_0000_reach_goal.txt,0,0,reach_goal,3,left,0.913517,0.96
001039,871,off_track,871/off_track/off_track_step_0000_reach_goal.txt,off_track_step_0000_reach_goal.txt,0,0,reach_goal,3,right,0.922745,0.91
001039,871,off_track,871/off_track/off_track_step_0000_reach_goal.txt,off_track_step_0000_reach_goal.txt,0,0,reach_goal,3,forward,0.913517,0.96
001039,871,off_track,871/off_track/off_track_step_0000_reach_goal.txt,off_track_step_0000_reach_goal.txt,0,0,reach_goal,3,pickup,0.913517,0.0
001039,871,off_track,871/off_track/off_track_step_0000_reach_goal.txt,off_track_step_0000_reach_goal.txt,0,0,reach_goal,3,toggle,0.913517,0.0
000883,372,intermediate,372/intermediate_step_0107_0109_find_key.txt,intermediate_step_0107_0109_find_key.txt,107,109,find_key,3,left,0.877521,0.1
000883,372,intermediate,372/intermediate_step_0107_0109_find_key.txt,intermediate_step_0107_0109_find_key.txt,107,109,find_key,3,right,0.895338,0.87
000883,372,intermediate,372/intermediate_step_0107_0109_find_key.txt,intermediate_step_0107_0109_find_key.txt,107,109,find_key,3,forward,0.860058,0.85
000883,372,intermediate,372/intermediate_step_0107_0109_find_key.txt,intermediate_step_0107_0109_find_key.txt,107,109,find_key,3,pickup,0.886385,0.0
000883,372,intermediate,372/intermediate_step_0107_0109_find_key.txt,intermediate_step_0107_0109_find_key.txt,107,109,find_key,3,toggle,0.886385,0.0
001585,385,transition,385/transition_step_0006_0008_find_key.txt,transition_step_0006_0008_find_key.txt,6,8,find_key,3,left,0.904382,0.89
001585,385,transition,385/transition_step_0006_0008_find_key.txt,transition_step_0006_0008_find_key.txt,6,8,find_key,3,right,0.904382,0.9
001585,385,transition,385/transition_step_0006_0008_find_key.txt,transition_step_0006_0008_find_key.txt,6,8,find_key,3,forward,0.913517,0.92
001585,385,transition,385/transition_step_0006_0008_find_key.txt,transition_step_0006_0008_find_key.txt,6,8,find_key,3,pickup,0.922745,0.0
001585,385,transition,385/transition_step_0006_0008_find_key.txt,transition_step_0006_0008_find_key.txt,6,8,find_key,3,toggle,0.913517,0.0
001573,805,off_track,805/off_track/off_track_step_0000_reach_goal.txt,off_track_step_0000_reach_goal.txt,0,0,reach_goal,3,left,0.95099,0.96
001573,805,off_track,805/off_track/off_track_step_0000_reach_goal.txt,off_track_step_0000_reach_goal.txt,0,0,reach_goal,3,right,0.94148,0.91
001573,805,off_track,805/off_track/off_track_step_0000_reach_goal.txt,off_track_step_0000_reach_goal.txt,0,0,reach_goal,3,forward,0.960596,0.96
001573,805,off_track,805/off_track/off_track_step_0000_reach_goal.txt,off_track_step_0000_reach_goal.txt,0,0,reach_goal,3,pickup,0.95099,0.0
001573,805,off_track,805/off_track/off_track_step_0000_reach_goal.txt,off_track_step_0000_reach_goal.txt,0,0,reach_goal,3,toggle,0.95099,0.0
000001,102,worst,102/worst_step_0000_find_key.txt,worst_step_0000_find_key.txt,0,0,find_key,1,left,0.793614,0.1
000001,102,worst,102/worst_step_0000_find_key.txt,worst_step_0000_find_key.txt,0,0,find_key,1,right,0.809728,0.1
000001,102,worst,102/worst_step_0000_find_key.txt,worst_step_0000_find_key.txt,0,0,find_key,1,forward,0.801631,0.0
000001,102,worst,102/worst_step_0000_find_key.txt,worst_step_0000_find_key.txt,0,0,find_key,1,pickup,0.801631,0.0
000001,102,worst,102/worst_step_0000_find_key.txt,worst_step_0000_find_key.txt,0,0,find_key,1,toggle,0.801631,0.0
000019,102,transition,102/transition_step_0039_0041_open_door.txt,transition_step_0039_0041_open_door.txt,39,41,open_door,3,left,0.895338,0.1
000019,102,transition,102/transition_step_0039_0041_open_door.txt,transition_step_0039_0041_open_door.txt,39,41,open_door,3,right,0.895338,0.1
000019,102,transition,102/transition_step_0039_0041_open_door.txt,transition_step_0039_0041_open_door.txt,39,41,open_door,3,forward,0.904382,0.4
000019,102,transition,102/transition_step_0039_0041_open_door.txt,transition_step_0039_0041_open_door.txt,39,41,open_door,3,pickup,0.904382,0.0
000019,102,transition,102/transition_step_0039_0041_open_door.txt,transition_step_0039_0041_open_door.txt,39,41,open_door,3,toggle,0.913517,0.8
001543,805,intermediate,805/intermediate_step_0071_0073_open_door.txt,intermediate_step_0071_0073_open_door.txt,71,73,open_door,3,left,0.913517,0.3
001543,805,intermediate,805/intermediate_step_0071_0073_open_door.txt,intermediate_step_0071_0073_open_door.txt,71,73,open_door,3,right,0.913517,0.3
001543,805,intermediate,805/intermediate_step_0071_0073_open_door.txt,intermediate_step_0071_0073_open_door.txt,71,73,open_door,3,forward,0.904382,0.0
001543,805,intermediate,805/intermediate_step_0071_0073_open_door.txt,intermediate_step_0071_0073_open_door.txt,71,73,open_door,3,pickup,0.904382,0.0
001543,805,intermediate,805/intermediate_step_0071_0073_open_door.txt,intermediate_step_0071_0073_open_door.txt,71,73,open_door,3,toggle,0.904382,0.0
001471,413,intermediate,413/intermediate_step_0000_0000_find_key.txt,intermediate_step_0000_0000_find_key.txt,0,0,find_key,1,left,0.842943,0.3
001471,413,intermediate,413/intermediate_step_0000_0000_find_key.txt,intermediate_step_0000_0000_find_key.txt,0,0,find_key,1,right,0.842943,0.2
001471,413,intermediate,413/intermediate_step_0000_0000_find_key.txt,intermediate_step_0000_0000_find_key.txt,0,0,find_key,1,forward,0.860058,0.5
001471,413,intermediate,413/intermediate_step_0000_0000_find_key.txt,intermediate_step_0000_0000_find_key.txt,0,0,find_key,1,pickup,0.851458,0.0
001471,413,intermediate,413/intermediate_step_0000_0000_find_key.txt,intermediate_step_0000_0000_find_key.txt,0,0,find_key,1,toggle,0.851458,0.0
000601,466,intermediate,466/intermediate_step_0003_0005_find_key.txt,intermediate_step_0003_0005_find_key.txt,3,5,find_key,3,left,0.842943,0.2
000601,466,intermediate,466/intermediate_step_0003_0005_find_key.txt,intermediate_step_0003_0005_find_key.txt,3,5,find_key,3,right,0.842943,0.2
000601,466,intermediate,466/intermediate_step_0003_0005_find_key.txt,intermediate_step_0003_0005_find_key.txt,3,5,find_key,3,forward,0.860058,0.8
000601,466,intermediate,466/intermediate_step_0003_0005_find_key.txt,intermediate_step_0003_0005_find_key.txt,3,5,find_key,3,pickup,0.851458,0.0
000601,466,intermediate,466/intermediate_step_0003_0005_find_key.txt,intermediate_step_0003_0005_find_key.txt,3,5,find_key,3,toggle,0.851458,0.0
000445,20,transition,20/transition_step_0275_0277_reach_goal.txt,transition_step_0275_0277_reach_goal.txt,275,277,reach_goal,3,left,0.9801,0.05
000445,20,transition,20/transition_step_0275_0277_reach_goal.txt,transition_step_0275_0277_reach_goal.txt,275,277,reach_goal,3,right,0.9801,0.05
000445,20,transition,20/transition_step_0275_0277_reach_goal.txt,transition_step_0275_0277_reach_goal.txt,275,277,reach_goal,3,forward,1.0,1.0
000445,20,transition,20/transition_step_0275_0277_reach_goal.txt,transition_step_0275_0277_reach_goal.txt,275,277,reach_goal,3,pickup,0.99,0.0
000445,20,transition,20/transition_step_0275_0277_reach_goal.txt,transition_step_0275_0277_reach_goal.txt,275,277,reach_goal,3,toggle,0.99,0.0
001267,308,off_track,308/off_track/off_track_step_0000_open_door.txt,off_track_step_0000_open_door.txt,0,0,open_door,3,left,0.895338,0.6
001267,308,off_track,308/off_track/off_track_step_0000_open_door.txt,off_track_step_0000_open_door.txt,0,0,open_door,3,right,0.895338,0.2
001267,308,off_track,308/off_track/off_track_step_0000_open_door.txt,off_track_step_0000_open_door.txt,0,0,open_door,3,forward,0.877521,0.5
001267,308,off_track,308/off_track/off_track_step_0000_open_door.txt,off_track_step_0000_open_door.txt,0,0,open_door,3,pickup,0.886385,0.0
001267,308,off_track,308/off_track/off_track_step_0000_open_door.txt,off_track_step_0000_open_door.txt,0,0,open_door,3,toggle,0.886385,0.0
000133,860,intermediate,860/intermediate_step_0000_0000_find_key.txt,intermediate_step_0000_0000_find_key.txt,0,0,find_key,1,left,0.904382,0.4
000133,860,intermediate,860/intermediate_step_0000_0000_find_key.txt,intermediate_step_0000_0000_find_key.txt,0,0,find_key,1,right,0.904382,0.4
000133,860,intermediate,860/intermediate_step_0000_0000_find_key.txt,intermediate_step_0000_0000_find_key.txt,0,0,find_key,1,forward,0.886385,0.1
000133,860,intermediate,860/intermediate_step_0000_0000_find_key.txt,intermediate_step_0000_0000_find_key.txt,0,0,find_key,1,pickup,0.895338,0.0
000133,860,intermediate,860/intermediate_step_0000_0000_find_key.txt,intermediate_step_0000_0000_find_key.txt,0,0,find_key,1,toggle,0.895338,0.0
000835,87,intermediate,87/intermediate_step_0047_0049_open_door.txt,intermediate_step_0047_0049_open_door.txt,47,49,open_door,3,left,0.895338,0.05
000835,87,intermediate,87/intermediate_step_0047_0049_open_door.txt,intermediate_step_0047_0049_open_door.txt,47,49,open_door,3,right,0.913517,0.8
000835,87,intermediate,87/intermediate_step_0047_0049_open_door.txt,intermediate_step_0047_0049_open_door.txt,47,49,open_door,3,forward,0.877521,0.15
000835,87,intermediate,87/intermediate_step_0047_0049_open_door.txt,intermediate_step_0047_0049_open_door.txt,47,49,open_door,3,pickup,0.904382,0.0
000835,87,intermediate,87/intermediate_step_0047_0049_open_door.txt,intermediate_step_0047_0049_open_door.txt,47,49,open_door,3,toggle,0.904382,0.0
000253,106,transition,106/transition_step_0008_0010_open_door.txt,transition_step_0008_0010_open_door.txt,8,10,open_door,3,left,0.904382,0.05
000253,106,transition,106/transition_step_0008_0010_open_door.txt,transition_step_0008_0010_open_door.txt,8,10,open_door,3,right,0.904382,0.05
000253,106,transition,106/transition_step_0008_0010_open_door.txt,transition_step_0008_0010_open_door.txt,8,10,open_door,3,forward,0.913517,0.85
000253,106,transition,106/transition_step_0008_0010_open_door.txt,transition_step_0008_0010_open_door.txt,8,10,open_door,3,pickup,0.913517,0.0
000253,106,transition,106/transition_step_0008_0010_open_door.txt,transition_step_0008_0010_open_door.txt,8,10,open_door,3,toggle,0.922745,0.9
000457,20,off_track,20/off_track/off_track_step_0000_find_key.txt,off_track_step_0000_find_key.txt,0,0,find_key,3,left,0.932065,0.35
000457,20,off_track,20/off_track/off_track_step_0000_find_key.txt,off_track_step_0000_find_key.txt,0,0,find_key,3,right,0.95099,0.55
000457,20,off_track,20/off_track/off_track_step_0000_find_key.txt,off_track_step_0000_find_key.txt,0,0,find_key,3,forward,0.94148,0.1
000457,20,off_track,20/off_track/off_track_step_0000_find_key.txt,off_track_step_0000_find_key.txt,0,0,find_key,3,pickup,0.94148,0.0
000457,20,off_track,20/off_track/off_track_step_0000_find_key.txt,off_track_step_0000_find_key.txt,0,0,find_key,3,toggle,0.94148,0.0
000151,860,transition,860/transition_step_0024_0026_reach_goal.txt,transition_step_0024_0026_reach_goal.txt,24,26,reach_goal,3,left,0.9801,0.0
000151,860,transition,860/transition_step_0024_0026_reach_goal.txt,transition_step_0024_0026_reach_goal.txt,24,26,reach_goal,3,right,0.9801,0.0
000151,860,transition,860/transition_step_0024_0026_reach_goal.txt,transition_step_0024_0026_reach_goal.txt,24,26,reach_goal,3,forward,1.0,1.0
000151,860,transition,860/transition_step_0024_0026_reach_goal.txt,transition_step_0024_0026_reach_goal.txt,24,26,reach_goal,3,pickup,0.99,0.0
000151,860,transition,860/transition_step_0024_0026_reach_goal.txt,transition_step_0024_0026_reach_goal.txt,24,26,reach_goal,3,toggle,0.99,0.0
000961,99,transition,99/transition_step_0045_0047_reach_goal.txt,transition_step_0045_0047_reach_goal.txt,45,47,reach_goal,3,left,0.9801,0.0
000961,99,transition,99/transition_step_0045_0047_reach_goal.txt,transition_step_0045_0047_reach_goal.txt,45,47,reach_goal,3,right,0.9801,0.0
000961,99,transition,99/transition_step_0045_0047_reach_goal.txt,transition_step_0045_0047_reach_goal.txt,45,47,reach_goal,3,forward,1.0,0.98
000961,99,transition,99/transition_step_0045_0047_reach_goal.txt,transition_step_0045_0047_reach_goal.txt,45,47,reach_goal,3,pickup,0.99,0.0
000961,99,transition,99/transition_step_0045_0047_reach_goal.txt,transition_step_0045_0047_reach_goal.txt,45,47,reach_goal,3,toggle,0.99,0.0
001657,191,transition,191/transition_step_0043_0045_open_door.txt,transition_step_0043_0045_open_door.txt,43,45,open_door,3,left,0.877521,0.0
001657,191,transition,191/transition_step_0043_0045_open_door.txt,transition_step_0043_0045_open_door.txt,43,45,open_door,3,right,0.877521,0.0
001657,191,transition,191/transition_step_0043_0045_open_door.txt,transition_step_0043_0045_open_door.txt,43,45,open_door,3,forward,0.886385,0.95
001657,191,transition,191/transition_step_0043_0045_open_door.txt,transition_step_0043_0045_open_door.txt,43,45,open_door,3,pickup,0.886385,0.0
001657,191,transition,191/transition_step_0043_0045_open_door.txt,transition_step_0043_0045_open_door.txt,43,45,open_door,3,toggle,0.895338,0.98
000895,372,intermediate,372/intermediate_step_0148_0150_open_door.txt,intermediate_step_0148_0150_open_door.txt,148,150,open_door,3,left,0.922745,0.0
000895,372,intermediate,372/intermediate_step_0148_0150_open_door.txt,intermediate_step_0148_0150_open_door.txt,148,150,open_door,3,right,0.922745,0.0
000895,372,intermediate,372/intermediate_step_0148_0150_open_door.txt,intermediate_step_0148_0150_open_door.txt,148,150,open_door,3,forward,0.94148,0.97
000895,372,intermediate,372/intermediate_step_0148_0150_open_door.txt,intermediate_step_0148_0150_open_door.txt,148,150,open_door,3,pickup,0.932065,0.0
000895,372,intermediate,372/intermediate_step_0148_0150_open_door.txt,intermediate_step_0148_0150_open_door.txt,148,150,open_door,3,toggle,0.932065,0.0
001711,955,intermediate,955/intermediate_step_0083_0085_open_door.txt,intermediate_step_0083_0085_open_door.txt,83,85,open_door,3,left,0.877521,0.95
001711,955,intermediate,955/intermediate_step_0083_0085_open_door.txt,intermediate_step_0083_0085_open_door.txt,83,85,open_door,3,right,0.877521,0.95
001711,955,intermediate,955/intermediate_step_0083_0085_open_door.txt,intermediate_step_0083_0085_open_door.txt,83,85,open_door,3,forward,0.868746,0.0
001711,955,intermediate,955/intermediate_step_0083_0085_open_door.txt,intermediate_step_0083_0085_open_door.txt,83,85,open_door,3,pickup,0.868746,0.0
001711,955,intermediate,955/intermediate_step_0083_0085_open_door.txt,intermediate_step_0083_0085_open_door.txt,83,85,open_door,3,toggle,0.868746,0.0
001459,413,worst,413/worst_step_0000_find_key.txt,worst_step_0000_find_key.txt,0,0,find_key,1,left,0.842943,0.97
001459,413,worst,413/worst_step_0000_find_key.txt,worst_step_0000_find_key.txt,0,0,find_key,1,right,0.842943,0.01
001459,413,worst,413/worst_step_0000_find_key.txt,worst_step_0000_find_key.txt,0,0,find_key,1,forward,0.860058,0.98
001459,413,worst,413/worst_step_0000_find_key.txt,worst_step_0000_find_key.txt,0,0,find_key,1,pickup,0.851458,0.01
001459,413,worst,413/worst_step_0000_find_key.txt,worst_step_0000_find_key.txt,0,0,find_key,1,toggle,0.851458,0.01
001105,130,transition,130/transition_step_0001_0003_find_key.txt,transition_step_0001_0003_find_key.txt,1,3,find_key,3,left,0.877521,0.1
001105,130,transition,130/transition_step_0001_0003_find_key.txt,transition_step_0001_0003_find_key.txt,1,3,find_key,3,right,0.877521,0.1
001105,130,transition,130/transition_step_0001_0003_find_key.txt,transition_step_0001_0003_find_key.txt,1,3,find_key,3,forward,0.886385,0.99
001105,130,transition,130/transition_step_0001_0003_find_key.txt,transition_step_0001_0003_find_key.txt,1,3,find_key,3,pickup,0.895338,0.01
001105,130,transition,130/transition_step_0001_0003_find_key.txt,transition_step_0001_0003_find_key.txt,1,3,find_key,3,toggle,0.886385,0.01
000571,121,off_track,121/off_track/off_track_step_0000_find_key.txt,off_track_step_0000_find_key.txt,0,0,find_key,3,left,0.860058,0.01
000571,121,off_track,121/off_track/off_track_step_0000_find_key.txt,off_track_step_0000_find_key.txt,0,0,find_key,3,right,0.877521,0.1
000571,121,off_track,121/off_track/off_track_step_0000_find_key.txt,off_track_step_0000_find_key.txt,0,0,find_key,3,forward,0.868746,0.98
000571,121,off_track,121/off_track/off_track_step_0000_find_key.txt,off_track_step_0000_find_key.txt,0,0,find_key,3,pickup,0.868746,0.01
000571,121,off_track,121/off_track/off_track_step_0000_find_key.txt,off_track_step_0000_find_key.txt,0,0,find_key,3,toggle,0.868746,0.01
000763,458,intermediate,458/intermediate_step_0002_0004_find_key.txt,intermediate_step_0002_0004_find_key.txt,2,4,find_key,3,left,0.834514,0.1
000763,458,intermediate,458/intermediate_step_0002_0004_find_key.txt,intermediate_step_0002_0004_find_key.txt,2,4,find_key,3,right,0.834514,0.1
000763,458,intermediate,458/intermediate_step_0002_0004_find_key.txt,intermediate_step_0002_0004_find_key.txt,2,4,find_key,3,forward,0.851458,0.99
000763,458,intermediate,458/intermediate_step_0002_0004_find_key.txt,intermediate_step_0002_0004_find_key.txt,2,4,find_key,3,pickup,0.842943,0.01
000763,458,intermediate,458/intermediate_step_0002_0004_find_key.txt,intermediate_step_0002_0004_find_key.txt,2,4,find_key,3,toggle,0.842943,0.01
000241,106,transition,106/transition_step_0004_0006_find_key.txt,transition_step_0004_0006_find_key.txt,4,6,find_key,3,left,0.868746,0.05
000241,106,transition,106/transition_step_0004_0006_find_key.txt,transition_step_0004_0006_find_key.txt,4,6,find_key,3,right,0.868746,0.05
000241,106,transition,106/transition_step_0004_0006_find_key.txt,transition_step_0004_0006_find_key.txt,4,6,find_key,3,forward,0.877521,0.7
000241,106,transition,106/transition_step_0004_0006_find_key.txt,transition_step_0004_0006_find_key.txt,4,6,find_key,3,pickup,0.886385,0.9
000241,106,transition,106/transition_step_0004_0006_find_key.txt,transition_step_0004_0006_find_key.txt,4,6,find_key,3,toggle,0.877521,0.0
000265,106,transition,106/transition_step_0018_0020_reach_goal.txt,transition_step_0018_0020_reach_goal.txt,18,20,reach_goal,3,left,0.9801,0.02
000265,106,transition,106/transition_step_0018_0020_reach_goal.txt,transition_step_0018_0020_reach_goal.txt,18,20,reach_goal,3,right,0.9801,0.02
000265,106,transition,106/transition_step_0018_0020_reach_goal.txt,transition_step_0018_0020_reach_goal.txt,18,20,reach_goal,3,forward,1.0,0.95
000265,106,transition,106/transition_step_0018_0020_reach_goal.txt,transition_step_0018_0020_reach_goal.txt,18,20,reach_goal,3,pickup,0.99,0.0
000265,106,transition,106/transition_step_0018_0020_reach_goal.txt,transition_step_0018_0020_reach_goal.txt,18,20,reach_goal,3,toggle,0.99,0.0
001411,491,intermediate,491/intermediate_step_0023_0025_find_key.txt,intermediate_step_0023_0025_find_key.txt,23,25,find_key,3,left,0.877521,0.3
001411,491,intermediate,491/intermediate_step_0023_0025_find_key.txt,intermediate_step_0023_0025_find_key.txt,23,25,find_key,3,right,0.877521,0.3
001411,491,intermediate,491/intermediate_step_0023_0025_find_key.txt,intermediate_step_0023_0025_find_key.txt,23,25,find_key,3,forward,0.860058,0.1
001411,491,intermediate,491/intermediate_step_0023_0025_find_key.txt,intermediate_step_0023_0025_find_key.txt,23,25,find_key,3,pickup,0.868746,0.0
001411,491,intermediate,491/intermediate_step_0023_0025_find_key.txt,intermediate_step_0023_0025_find_key.txt,23,25,find_key,3,toggle,0.868746,0.0
000103,435,off_track,435/off_track/off_track_step_0000_find_key.txt,off_track_step_0000_find_key.txt,0,0,find_key,3,left,0.94148,0.15
000103,435,off_track,435/off_track/off_track_step_0000_find_key.txt,off_track_step_0000_find_key.txt,0,0,find_key,3,right,0.95099,0.45
000103,435,off_track,435/off_track/off_track_step_0000_find_key.txt,off_track_step_0000_find_key.txt,0,0,find_key,3,forward,0.932065,0.2
000103,435,off_track,435/off_track/off_track_step_0000_find_key.txt,off_track_step_0000_find_key.txt,0,0,find_key,3,pickup,0.94148,0.0
000103,435,off_track,435/off_track/off_track_step_0000_find_key.txt,off_track_step_0000_find_key.txt,0,0,find_key,3,toggle,0.94148,0.0
000721,330,transition,330/transition_step_0020_0022_reach_goal.txt,transition_step_0020_0022_reach_goal.txt,20,22,reach_goal,3,left,0.9801,0.0
000721,330,transition,330/transition_step_0020_0022_reach_goal.txt,transition_step_0020_0022_reach_goal.txt,20,22,reach_goal,3,right,0.9801,0.0
000721,330,transition,330/transition_step_0020_0022_reach_goal.txt,transition_step_0020_0022_reach_goal.txt,20,22,reach_goal,3,forward,1.0,0.99
000721,330,transition,330/transition_step_0020_0022_reach_goal.txt,transition_step_0020_0022_reach_goal.txt,20,22,reach_goal,3,pickup,0.99,0.0
000721,330,transition,330/transition_step_0020_0022_reach_goal.txt,transition_step_0020_0022_reach_goal.txt,20,22,reach_goal,3,toggle,0.99,0.0
000079,435,transition,435/transition_step_0015_0017_open_door.txt,transition_step_0015_0017_open_door.txt,15,17,open_door,3,left,0.922745,0.01
000079,435,transition,435/transition_step_0015_0017_open_door.txt,transition_step_0015_0017_open_door.txt,15,17,open_door,3,right,0.922745,0.01
000079,435,transition,435/transition_step_0015_0017_open_door.txt,transition_step_0015_0017_open_door.txt,15,17,open_door,3,forward,0.932065,0.9
000079,435,transition,435/transition_step_0015_0017_open_door.txt,transition_step_0015_0017_open_door.txt,15,17,open_door,3,pickup,0.932065,0.0
000079,435,transition,435/transition_step_0015_0017_open_door.txt,transition_step_0015_0017_open_door.txt,15,17,open_door,3,toggle,0.94148,0.95
000481,614,transition,614/transition_step_0000_0001_find_key.txt,transition_step_0000_0001_find_key.txt,0,1,find_key,2,left,0.851458,0.0
000481,614,transition,614/transition_step_0000_0001_find_key.txt,transition_step_0000_0001_find_key.txt,0,1,find_key,2,right,0.851458,0.0
000481,614,transition,614/transition_step_0000_0001_find_key.txt,transition_step_0000_0001_find_key.txt,0,1,find_key,2,forward,0.860058,0.85
000481,614,transition,614/transition_step_0000_0001_find_key.txt,transition_step_0000_0001_find_key.txt,0,1,find_key,2,pickup,0.868746,0.0
000481,614,transition,614/transition_step_0000_0001_find_key.txt,transition_step_0000_0001_find_key.txt,0,1,find_key,2,toggle,0.860058,0.0
001417,491,transition,491/transition_step_0059_0061_open_door.txt,transition_step_0059_0061_open_door.txt,59,61,open_door,3,left,0.913517,0.01
001417,491,transition,491/transition_step_0059_0061_open_door.txt,transition_step_0059_0061_open_door.txt,59,61,open_door,3,right,0.913517,0.01
001417,491,transition,491/transition_step_0059_0061_open_door.txt,transition_step_0059_0061_open_door.txt,59,61,open_door,3,forward,0.922745,0.9
001417,491,transition,491/transition_step_0059_0061_open_door.txt,transition_step_0059_0061_open_door.txt,59,61,open_door,3,pickup,0.922745,0.0
001417,491,transition,491/transition_step_0059_0061_open_door.txt,transition_step_0059_0061_open_door.txt,59,61,open_door,3,toggle,0.932065,0.95
001255,308,intermediate,308/intermediate_step_0076_0078_reach_goal.txt,intermediate_step_0076_0078_reach_goal.txt,76,78,reach_goal,3,left,0.95099,0.85
001255,308,intermediate,308/intermediate_step_0076_0078_reach_goal.txt,intermediate_step_0076_0078_reach_goal.txt,76,78,reach_goal,3,right,0.95099,0.85
001255,308,intermediate,308/intermediate_step_0076_0078_reach_goal.txt,intermediate_step_0076_0078_reach_goal.txt,76,78,reach_goal,3,forward,0.970299,0.96
001255,308,intermediate,308/intermediate_step_0076_0078_reach_goal.txt,intermediate_step_0076_0078_reach_goal.txt,76,78,reach_goal,3,pickup,0.960596,0.0
001255,308,intermediate,308/intermediate_step_0076_0078_reach_goal.txt,intermediate_step_0076_0078_reach_goal.txt,76,78,reach_goal,3,toggle,0.960596,0.0
000997,871,transition,871/transition_step_0000_0002_find_key.txt,transition_step_0000_0002_find_key.txt,0,2,find_key,3,left,0.877521,0.3
000997,871,transition,871/transition_step_0000_0002_find_key.txt,transition_step_0000_0002_find_key.txt,0,2,find_key,3,right,0.877521,0.3
000997,871,transition,871/transition_step_0000_0002_find_key.txt,transition_step_0000_0002_find_key.txt,0,2,find_key,3,forward,0.886385,0.5
000997,871,transition,871/transition_step_0000_0002_find_key.txt,transition_step_0000_0002_find_key.txt,0,2,find_key,3,pickup,0.895338,0.0
000997,871,transition,871/transition_step_0000_0002_find_key.txt,transition_step_0000_0002_find_key.txt,0,2,find_key,3,toggle,0.886385,0.0
000985,99,off_track,99/off_track/off_track_step_0000_reach_goal.txt,off_track_step_0000_reach_goal.txt,0,0,reach_goal,3,left,0.851458,0.2
000985,99,off_track,99/off_track/off_track_step_0000_reach_goal.txt,off_track_step_0000_reach_goal.txt,0,0,reach_goal,3,right,0.851458,0.2
000985,99,off_track,99/off_track/off_track_step_0000_reach_goal.txt,off_track_step_0000_reach_goal.txt,0,0,reach_goal,3,forward,0.868746,0.4
000985,99,off_track,99/off_track/off_track_step_0000_reach_goal.txt,off_track_step_0000_reach_goal.txt,0,0,reach_goal,3,pickup,0.860058,0.0
000985,99,off_track,99/off_track/off_track_step_0000_reach_goal.txt,off_track_step_0000_reach_goal.txt,0,0,reach_goal,3,toggle,0.860058,0.0
000277,106,off_track,106/off_track/off_track_step_0000_find_key.txt,off_track_step_0000_find_key.txt,0,0,find_key,3,left,0.932065,0.1
000277,106,off_track,106/off_track/off_track_step_0000_find_key.txt,off_track_step_0000_find_key.txt,0,0,find_key,3,right,0.922745,0.1
000277,106,off_track,106/off_track/off_track_step_0000_find_key.txt,off_track_step_0000_find_key.txt,0,0,find_key,3,forward,0.922745,0.2
000277,106,off_track,106/off_track/off_track_step_0000_find_key.txt,off_track_step_0000_find_key.txt,0,0,find_key,3,pickup,0.922745,0.0
000277,106,off_track,106/off_track/off_track_step_0000_find_key.txt,off_track_step_0000_find_key.txt,0,0,find_key,3,toggle,0.922745,0.0
001303,769,intermediate,769/intermediate_step_0018_0020_open_door.txt,intermediate_step_0018_0020_open_door.txt,18,20,open_door,3,left,0.886385,1.0
001303,769,intermediate,769/intermediate_step_0018_0020_open_door.txt,intermediate_step_0018_0020_open_door.txt,18,20,open_door,3,right,0.886385,1.0
001303,769,intermediate,769/intermediate_step_0018_0020_open_door.txt,intermediate_step_0018_0020_open_door.txt,18,20,open_door,3,forward,0.868746,0.8
001303,769,intermediate,769/intermediate_step_0018_0020_open_door.txt,intermediate_step_0018_0020_open_door.txt,18,20,open_door,3,pickup,0.877521,0.1
001303,769,intermediate,769/intermediate_step_0018_0020_open_door.txt,intermediate_step_0018_0020_open_door.txt,18,20,open_door,3,toggle,0.877521,0.1
001045,663,worst,663/worst_step_0000_find_key.txt,worst_step_0000_find_key.txt,0,0,find_key,1,left,0.851458,0.3
001045,663,worst,663/worst_step_0000_find_key.txt,worst_step_0000_find_key.txt,0,0,find_key,1,right,0.868746,1.0
001045,663,worst,663/worst_step_0000_find_key.txt,worst_step_0000_find_key.txt,0,0,find_key,1,forward,0.834514,0.5
001045,663,worst,663/worst_step_0000_find_key.txt,worst_step_0000_find_key.txt,0,0,find_key,1,pickup,0.860058,0.1
001045,663,worst,663/worst_step_0000_find_key.txt,worst_step_0000_find_key.txt,0,0,find_key,1,toggle,0.860058,0.1
000205,270,transition,270/transition_step_0024_0026_reach_goal.txt,transition_step_0024_0026_reach_goal.txt,24,26,reach_goal,3,left,0.9801,0.1
000205,270,transition,270/transition_step_0024_0026_reach_goal.txt,transition_step_0024_0026_reach_goal.txt,24,26,reach_goal,3,right,0.9801,1.0
000205,270,transition,270/transition_step_0024_0026_reach_goal.txt,transition_step_0024_0026_reach_goal.txt,24,26,reach_goal,3,forward,1.0,0.1
000205,270,transition,270/transition_step_0024_0026_reach_goal.txt,transition_step_0024_0026_reach_goal.txt,24,26,reach_goal,3,pickup,0.99,0.1
000205,270,transition,270/transition_step_0024_0026_reach_goal.txt,transition_step_0024_0026_reach_goal.txt,24,26,reach_goal,3,toggle,0.99,0.1
000367,700,intermediate,700/intermediate_step_0000_0001_find_key.txt,intermediate_step_0000_0001_find_key.txt,0,1,find_key,2,left,0.826169,0.2
000367,700,intermediate,700/intermediate_step_0000_0001_find_key.txt,intermediate_step_0000_0001_find_key.txt,0,1,find_key,2,right,0.826169,0.2
000367,700,intermediate,700/intermediate_step_0000_0001_find_key.txt,intermediate_step_0000_0001_find_key.txt,0,1,find_key,2,forward,0.842943,1.0
000367,700,intermediate,700/intermediate_step_0000_0001_find_key.txt,intermediate_step_0000_0001_find_key.txt,0,1,find_key,2,pickup,0.834514,0.1
000367,700,intermediate,700/intermediate_step_0000_0001_find_key.txt,intermediate_step_0000_0001_find_key.txt,0,1,find_key,2,toggle,0.834514,0.1
000217,270,off_track,270/off_track/off_track_step_0000_find_key.txt,off_track_step_0000_find_key.txt,0,0,find_key,3,left,0.895338,0.1
000217,270,off_track,270/off_track/off_track_step_0000_find_key.txt,off_track_step_0000_find_key.txt,0,0,find_key,3,right,0.895338,0.4
000217,270,off_track,270/off_track/off_track_step_0000_find_key.txt,off_track_step_0000_find_key.txt,0,0,find_key,3,forward,0.877521,0.0
000217,270,off_track,270/off_track/off_track_step_0000_find_key.txt,off_track_step_0000_find_key.txt,0,0,find_key,3,pickup,0.886385,0.0
000217,270,off_track,270/off_track/off_track_step_0000_find_key.txt,off_track_step_0000_find_key.txt,0,0,find_key,3,toggle,0.886385,0.0
001051,663,transition,663/transition_step_0000_0002_find_key.txt,transition_step_0000_0002_find_key.txt,0,2,find_key,3,left,0.868746,0.1
001051,663,transition,663/transition_step_0000_0002_find_key.txt,transition_step_0000_0002_find_key.txt,0,2,find_key,3,right,0.868746,0.1
001051,663,transition,663/transition_step_0000_0002_find_key.txt,transition_step_0000_0002_find_key.txt,0,2,find_key,3,forward,0.877521,0.5
001051,663,transition,663/transition_step_0000_0002_find_key.txt,transition_step_0000_0002_find_key.txt,0,2,find_key,3,pickup,0.886385,0.0
001051,663,transition,663/transition_step_0000_0002_find_key.txt,transition_step_0000_0002_find_key.txt,0,2,find_key,3,toggle,0.877521,0.0
000043,102,off_track,102/off_track/off_track_step_0000_find_key.txt,off_track_step_0000_find_key.txt,0,0,find_key,3,left,0.922745,0.4
000043,102,off_track,102/off_track/off_track_step_0000_find_key.txt,off_track_step_0000_find_key.txt,0,0,find_key,3,right,0.913517,0.1
000043,102,off_track,102/off_track/off_track_step_0000_find_key.txt,off_track_step_0000_find_key.txt,0,0,find_key,3,forward,0.913517,0.0
000043,102,off_track,102/off_track/off_track_step_0000_find_key.txt,off_track_step_0000_find_key.txt,0,0,find_key,3,pickup,0.913517,0.0
000043,102,off_track,102/off_track/off_track_step_0000_find_key.txt,off_track_step_0000_find_key.txt,0,0,find_key,3,toggle,0.913517,0.0
001603,385,intermediate,385/intermediate_step_0176_0178_open_door.txt,intermediate_step_0176_0178_open_door.txt,176,178,open_door,3,left,0.932065,0.5
001603,385,intermediate,385/intermediate_step_0176_0178_open_door.txt,intermediate_step_0176_0178_open_door.txt,176,178,open_door,3,right,0.932065,0.5
001603,385,intermediate,385/intermediate_step_0176_0178_open_door.txt,intermediate_step_0176_0178_open_door.txt,176,178,open_door,3,forward,0.913517,0.2
001603,385,intermediate,385/intermediate_step_0176_0178_open_door.txt,intermediate_step_0176_0178_open_door.txt,176,178,open_door,3,pickup,0.922745,0.0
001603,385,intermediate,385/intermediate_step_0176_0178_open_door.txt,intermediate_step_0176_0178_open_door.txt,176,178,open_door,3,toggle,0.922745,0.0
001531,805,intermediate,805/intermediate_step_0047_0049_find_key.txt,intermediate_step_0047_0049_find_key.txt,47,49,find_key,3,left,0.877521,0.9
001531,805,intermediate,805/intermediate_step_0047_0049_find_key.txt,intermediate_step_0047_0049_find_key.txt,47,49,find_key,3,right,0.860058,0.5
001531,805,intermediate,805/intermediate_step_0047_0049_find_key.txt,intermediate_step_0047_0049_find_key.txt,47,49,find_key,3,forward,0.842943,0.6
001531,805,intermediate,805/intermediate_step_0047_0049_find_key.txt,intermediate_step_0047_0049_find_key.txt,47,49,find_key,3,pickup,0.868746,0.0
001531,805,intermediate,805/intermediate_step_0047_0049_find_key.txt,intermediate_step_0047_0049_find_key.txt,47,49,find_key,3,toggle,0.868746,0.0
001339,343,worst,343/worst_step_0000_find_key.txt,worst_step_0000_find_key.txt,0,0,find_key,1,left,0.842943,0.4
001339,343,worst,343/worst_step_0000_find_key.txt,worst_step_0000_find_key.txt,0,0,find_key,1,right,0.860058,0.9
001339,343,worst,343/worst_step_0000_find_key.txt,worst_step_0000_find_key.txt,0,0,find_key,1,forward,0.851458,0.1
001339,343,worst,343/worst_step_0000_find_key.txt,worst_step_0000_find_key.txt,0,0,find_key,1,pickup,0.851458,0.0
001339,343,worst,343/worst_step_0000_find_key.txt,worst_step_0000_find_key.txt,0,0,find_key,1,toggle,0.851458,0.0
001237,308,transition,308/transition_step_0067_0069_open_door.txt,transition_step_0067_0069_open_door.txt,67,69,open_door,3,left,0.895338,0.4
001237,308,transition,308/transition_step_0067_0069_open_door.txt,transition_step_0067_0069_open_door.txt,67,69,open_door,3,right,0.895338,0.95
001237,308,transition,308/transition_step_0067_0069_open_door.txt,transition_step_0067_0069_open_door.txt,67,69,open_door,3,forward,0.904382,0.0
001237,308,transition,308/transition_step_0067_0069_open_door.txt,transition_step_0067_0069_open_door.txt,67,69,open_door,3,pickup,0.904382,0.0
001237,308,transition,308/transition_step_0067_0069_open_door.txt,transition_step_0067_0069_open_door.txt,67,69,open_door,3,toggle,0.913517,0.0
000403,700,off_track,700/off_track/off_track_step_0000_open_door.txt,off_track_step_0000_open_door.txt,0,0,open_door,3,left,0.922745,0.1
000403,700,off_track,700/off_track/off_track_step_0000_open_door.txt,off_track_step_0000_open_door.txt,0,0,open_door,3,right,0.932065,0.9
000403,700,off_track,700/off_track/off_track_step_0000_open_door.txt,off_track_step_0000_open_door.txt,0,0,open_door,3,forward,0.913517,0.0
000403,700,off_track,700/off_track/off_track_step_0000_open_door.txt,off_track_step_0000_open_door.txt,0,0,open_door,3,pickup,0.922745,0.0
000403,700,off_track,700/off_track/off_track_step_0000_open_door.txt,off_track_step_0000_open_door.txt,0,0,open_door,3,toggle,0.922745,0.0
000853,87,off_track,87/off_track/off_track_step_0000_find_key.txt,off_track_step_0000_find_key.txt,0,0,find_key,3,left,0.94148,0.7
000853,87,off_track,87/off_track/off_track_step_0000_find_key.txt,off_track_step_0000_find_key.txt,0,0,find_key,3,right,0.932065,0.2
000853,87,off_track,87/off_track/off_track_step_0000_find_key.txt,off_track_step_0000_find_key.txt,0,0,find_key,3,forward,0.95099,0.0
000853,87,off_track,87/off_track/off_track_step_0000_find_key.txt,off_track_step_0000_find_key.txt,0,0,find_key,3,pickup,0.94148,0.0
000853,87,off_track,87/off_track/off_track_step_0000_find_key.txt,off_track_step_0000_find_key.txt,0,0,find_key,3,toggle,0.94148,0.0
000955,99,intermediate,99/intermediate_step_0033_0035_open_door.txt,intermediate_step_0033_0035_open_door.txt,33,35,open_door,3,left,0.913517,0.7
000955,99,intermediate,99/intermediate_step_0033_0035_open_door.txt,intermediate_step_0033_0035_open_door.txt,33,35,open_door,3,right,0.895338,0.1
000955,99,intermediate,99/intermediate_step_0033_0035_open_door.txt,intermediate_step_0033_0035_open_door.txt,33,35,open_door,3,forward,0.877521,0.2
000955,99,intermediate,99/intermediate_step_0033_0035_open_door.txt,intermediate_step_0033_0035_open_door.txt,33,35,open_door,3,pickup,0.904382,0.0
000955,99,intermediate,99/intermediate_step_0033_0035_open_door.txt,intermediate_step_0033_0035_open_door.txt,33,35,open_door,3,toggle,0.904382,0.0
000871,372,worst,372/worst_step_0000_find_key.txt,worst_step_0000_find_key.txt,0,0,find_key,1,left,0.868746,0.1
000871,372,worst,372/worst_step_0000_find_key.txt,worst_step_0000_find_key.txt,0,0,find_key,1,right,0.868746,0.7
000871,372,worst,372/worst_step_0000_find_key.txt,worst_step_0000_find_key.txt,0,0,find_key,1,forward,0.851458,0.2
000871,372,worst,372/worst_step_0000_find_key.txt,worst_step_0000_find_key.txt,0,0,find_key,1,pickup,0.860058,0.0
000871,372,worst,372/worst_step_0000_find_key.txt,worst_step_0000_find_key.txt,0,0,find_key,1,toggle,0.860058,0.0
001213,661,off_track,661/off_track/off_track_step_0000_reach_goal.txt,off_track_step_0000_reach_goal.txt,0,0,reach_goal,3,left,0.960596,0.05
001213,661,off_track,661/off_track/off_track_step_0000_reach_goal.txt,off_track_step_0000_reach_goal.txt,0,0,reach_goal,3,right,0.95099,0.05
001213,661,off_track,661/off_track/off_track_step_0000_reach_goal.txt,off_track_step_0000_reach_goal.txt,0,0,reach_goal,3,forward,0.970299,0.9
001213,661,off_track,661/off_track/off_track_step_0000_reach_goal.txt,off_track_step_0000_reach_goal.txt,0,0,reach_goal,3,pickup,0.960596,0.0
001213,661,off_track,661/off_track/off_track_step_0000_reach_goal.txt,off_track_step_0000_reach_goal.txt,0,0,reach_goal,3,toggle,0.960596,0.0
000715,330,intermediate,330/intermediate_step_0008_0010_open_door.txt,intermediate_step_0008_0010_open_door.txt,8,10,open_door,3,left,0.913517,0.85
000715,330,intermediate,330/intermediate_step_0008_0010_open_door.txt,intermediate_step_0008_0010_open_door.txt,8,10,open_door,3,right,0.895338,0.1
000715,330,intermediate,330/intermediate_step_0008_0010_open_door.txt,intermediate_step_0008_0010_open_door.txt,8,10,open_door,3,forward,0.877521,0.1
000715,330,intermediate,330/intermediate_step_0008_0010_open_door.txt,intermediate_step_0008_0010_open_door.txt,8,10,open_door,3,pickup,0.904382,0.0
000715,330,intermediate,330/intermediate_step_0008_0010_open_door.txt,intermediate_step_0008_0010_open_door.txt,8,10,open_door,3,toggle,0.904382,0.05
000031,102,transition,102/transition_step_0052_0054_reach_goal.txt,transition_step_0052_0054_reach_goal.txt,52,54,reach_goal,3,left,0.9801,0.1
000031,102,transition,102/transition_step_0052_0054_reach_goal.txt,transition_step_0052_0054_reach_goal.txt,52,54,reach_goal,3,right,0.9801,0.1
000031,102,transition,102/transition_step_0052_0054_reach_goal.txt,transition_step_0052_0054_reach_goal.txt,52,54,reach_goal,3,forward,1.0,0.95
000031,102,transition,102/transition_step_0052_0054_reach_goal.txt,transition_step_0052_0054_reach_goal.txt,52,54,reach_goal,3,pickup,0.99,0.0
000031,102,transition,102/transition_step_0052_0054_reach_goal.txt,transition_step_0052_0054_reach_goal.txt,52,54,reach_goal,3,toggle,0.99,0.0
001699,955,intermediate,955/intermediate_step_0031_0033_find_key.txt,intermediate_step_0031_0033_find_key.txt,31,33,find_key,3,left,0.842943,0.8
001699,955,intermediate,955/intermediate_step_0031_0033_find_key.txt,intermediate_step_0031_0033_find_key.txt,31,33,find_key,3,right,0.826169,0.2
001699,955,intermediate,955/intermediate_step_0031_0033_find_key.txt,intermediate_step_0031_0033_find_key.txt,31,33,find_key,3,forward,0.834514,0.05
001699,955,intermediate,955/intermediate_step_0031_0033_find_key.txt,intermediate_step_0031_0033_find_key.txt,31,33,find_key,3,pickup,0.834514,0.0
001699,955,intermediate,955/intermediate_step_0031_0033_find_key.txt,intermediate_step_0031_0033_find_key.txt,31,33,find_key,3,toggle,0.834514,0.0
001009,871,intermediate,871/intermediate_step_0001_0003_open_door.txt,intermediate_step_0001_0003_open_door.txt,1,3,open_door,3,left,0.886385,0.1
001009,871,intermediate,871/intermediate_step_0001_0003_open_door.txt,intermediate_step_0001_0003_open_door.txt,1,3,open_door,3,right,0.904382,0.85
001009,871,intermediate,871/intermediate_step_0001_0003_open_door.txt,intermediate_step_0001_0003_open_door.txt,1,3,open_door,3,forward,0.868746,0.1
001009,871,intermediate,871/intermediate_step_0001_0003_open_door.txt,intermediate_step_0001_0003_open_door.txt,1,3,open_door,3,pickup,0.895338,0.0
001009,871,intermediate,871/intermediate_step_0001_0003_open_door.txt,intermediate_step_0001_0003_open_door.txt,1,3,open_door,3,toggle,0.895338,0.05
001615,385,intermediate,385/intermediate_step_0181_0183_reach_goal.txt,intermediate_step_0181_0183_reach_goal.txt,181,183,reach_goal,3,left,0.95099,0.95
001615,385,intermediate,385/intermediate_step_0181_0183_reach_goal.txt,intermediate_step_0181_0183_reach_goal.txt,181,183,reach_goal,3,right,0.95099,0.95
001615,385,intermediate,385/intermediate_step_0181_0183_reach_goal.txt,intermediate_step_0181_0183_reach_goal.txt,181,183,reach_goal,3,forward,0.970299,0.97
001615,385,intermediate,385/intermediate_step_0181_0183_reach_goal.txt,intermediate_step_0181_0183_reach_goal.txt,181,183,reach_goal,3,pickup,0.960596,0.0
001615,385,intermediate,385/intermediate_step_0181_0183_reach_goal.txt,intermediate_step_0181_0183_reach_goal.txt,181,183,reach_goal,3,toggle,0.960596,0.0
000703,330,intermediate,330/intermediate_step_0002_0004_find_key.txt,intermediate_step_0002_0004_find_key.txt,2,4,find_key,3,left,0.851458,0.15
000703,330,intermediate,330/intermediate_step_0002_0004_find_key.txt,intermediate_step_0002_0004_find_key.txt,2,4,find_key,3,right,0.851458,0.15
000703,330,intermediate,330/intermediate_step_0002_0004_find_key.txt,intermediate_step_0002_0004_find_key.txt,2,4,find_key,3,forward,0.868746,0.7
000703,330,intermediate,330/intermediate_step_0002_0004_find_key.txt,intermediate_step_0002_0004_find_key.txt,2,4,find_key,3,pickup,0.860058,0.0
000703,330,intermediate,330/intermediate_step_0002_0004_find_key.txt,intermediate_step_0002_0004_find_key.txt,2,4,find_key,3,toggle,0.860058,0.0
001453,491,off_track,491/off_track/off_track_step_0000_reach_goal.txt,off_track_step_0000_reach_goal.txt,0,0,reach_goal,3,left,0.895338,0.15
001453,491,off_track,491/off_track/off_track_step_0000_reach_goal.txt,off_track_step_0000_reach_goal.txt,0,0,reach_goal,3,right,0.877521,0.15
001453,491,off_track,491/off_track/off_track_step_0000_reach_goal.txt,off_track_step_0000_reach_goal.txt,0,0,reach_goal,3,forward,0.895338,0.7
001453,491,off_track,491/off_track/off_track_step_0000_reach_goal.txt,off_track_step_0000_reach_goal.txt,0,0,reach_goal,3,pickup,0.886385,0.0
001453,491,off_track,491/off_track/off_track_step_0000_reach_goal.txt,off_track_step_0000_reach_goal.txt,0,0,reach_goal,3,toggle,0.886385,0.0
001231,308,intermediate,308/intermediate_step_0004_0006_find_key.txt,intermediate_step_0004_0006_find_key.txt,4,6,find_key,3,left,0.842943,0.15
001231,308,intermediate,308/intermediate_step_0004_0006_find_key.txt,intermediate_step_0004_0006_find_key.txt,4,6,find_key,3,right,0.842943,0.15
001231,308,intermediate,308/intermediate_step_0004_0006_find_key.txt,intermediate_step_0004_0006_find_key.txt,4,6,find_key,3,forward,0.860058,0.7
001231,308,intermediate,308/intermediate_step_0004_0006_find_key.txt,intermediate_step_0004_0006_find_key.txt,4,6,find_key,3,pickup,0.851458,0.0
001231,308,intermediate,308/intermediate_step_0004_0006_find_key.txt,intermediate_step_0004_0006_find_key.txt,4,6,find_key,3,toggle,0.851458,0.0
001393,343,off_track,343/off_track/off_track_step_0000_reach_goal.txt,off_track_step_0000_reach_goal.txt,0,0,reach_goal,3,left,0.904382,0.4
001393,343,off_track,343/off_track/off_track_step_0000_reach_goal.txt,off_track_step_0000_reach_goal.txt,0,0,reach_goal,3,right,0.886385,0.4
001393,343,off_track,343/off_track/off_track_step_0000_reach_goal.txt,off_track_step_0000_reach_goal.txt,0,0,reach_goal,3,forward,0.895338,0.2
001393,343,off_track,343/off_track/off_track_step_0000_reach_goal.txt,off_track_step_0000_reach_goal.txt,0,0,reach_goal,3,pickup,0.895338,0.0
001393,343,off_track,343/off_track/off_track_step_0000_reach_goal.txt,off_track_step_0000_reach_goal.txt,0,0,reach_goal,3,toggle,0.895338,0.0
001489,413,transition,413/transition_step_0022_0024_reach_goal.txt,transition_step_0022_0024_reach_goal.txt,22,24,reach_goal,3,left,0.9801,0.01
001489,413,transition,413/transition_step_0022_0024_reach_goal.txt,transition_step_0022_0024_reach_goal.txt,22,24,reach_goal,3,right,0.9801,0.01
001489,413,transition,413/transition_step_0022_0024_reach_goal.txt,transition_step_0022_0024_reach_goal.txt,22,24,reach_goal,3,forward,1.0,0.98
001489,413,transition,413/transition_step_0022_0024_reach_goal.txt,transition_step_0022_0024_reach_goal.txt,22,24,reach_goal,3,pickup,0.99,0.0
001489,413,transition,413/transition_step_0022_0024_reach_goal.txt,transition_step_0022_0024_reach_goal.txt,22,24,reach_goal,3,toggle,0.99,0.0
000751,458,worst,458/worst_step_0000_find_key.txt,worst_step_0000_find_key.txt,0,0,find_key,1,left,0.826169,0.4
000751,458,worst,458/worst_step_0000_find_key.txt,worst_step_0000_find_key.txt,0,0,find_key,1,right,0.809728,0.1
000751,458,worst,458/worst_step_0000_find_key.txt,worst_step_0000_find_key.txt,0,0,find_key,1,forward,0.809728,0.2
000751,458,worst,458/worst_step_0000_find_key.txt,worst_step_0000_find_key.txt,0,0,find_key,1,pickup,0.817907,0.0
000751,458,worst,458/worst_step_0000_find_key.txt,worst_step_0000_find_key.txt,0,0,find_key,1,toggle,0.817907,0.0
000799,458,off_track,458/off_track/off_track_step_0000_open_door.txt,off_track_step_0000_open_door.txt,0,0,open_door,3,left,0.913517,0.6
000799,458,off_track,458/off_track/off_track_step_0000_open_door.txt,off_track_step_0000_open_door.txt,0,0,open_door,3,right,0.922745,0.1
000799,458,off_track,458/off_track/off_track_step_0000_open_door.txt,off_track_step_0000_open_door.txt,0,0,open_door,3,forward,0.913517,0.4
000799,458,off_track,458/off_track/off_track_step_0000_open_door.txt,off_track_step_0000_open_door.txt,0,0,open_door,3,pickup,0.913517,0.0
000799,458,off_track,458/off_track/off_track_step_0000_open_door.txt,off_track_step_0000_open_door.txt,0,0,open_door,3,toggle,0.913517,0.0
001651,191,intermediate,191/intermediate_step_0000_0001_find_key.txt,intermediate_step_0000_0001_find_key.txt,0,1,find_key,2,left,0.834514,0.8
001651,191,intermediate,191/intermediate_step_0000_0001_find_key.txt,intermediate_step_0000_0001_find_key.txt,0,1,find_key,2,right,0.817907,0.1
001651,191,intermediate,191/intermediate_step_0000_0001_find_key.txt,intermediate_step_0000_0001_find_key.txt,0,1,find_key,2,forward,0.826169,0.1
001651,191,intermediate,191/intermediate_step_0000_0001_find_key.txt,intermediate_step_0000_0001_find_key.txt,0,1,find_key,2,pickup,0.826169,0.0
001651,191,intermediate,191/intermediate_step_0000_0001_find_key.txt,intermediate_step_0000_0001_find_key.txt,0,1,find_key,2,toggle,0.826169,0.0
001021,871,intermediate,871/intermediate_step_0012_0014_reach_goal.txt,intermediate_step_0012_0014_reach_goal.txt,12,14,reach_goal,3,left,0.95099,0.1
001021,871,intermediate,871/intermediate_step_0012_0014_reach_goal.txt,intermediate_step_0012_0014_reach_goal.txt,12,14,reach_goal,3,right,0.970299,0.95
001021,871,intermediate,871/intermediate_step_0012_0014_reach_goal.txt,intermediate_step_0012_0014_reach_goal.txt,12,14,reach_goal,3,forward,0.960596,0.0
001021,871,intermediate,871/intermediate_step_0012_0014_reach_goal.txt,intermediate_step_0012_0014_reach_goal.txt,12,14,reach_goal,3,pickup,0.960596,0.0
001021,871,intermediate,871/intermediate_step_0012_0014_reach_goal.txt,intermediate_step_0012_0014_reach_goal.txt,12,14,reach_goal,3,toggle,0.960596,0.0
001285,769,transition,769/transition_step_0001_0003_find_key.txt,transition_step_0001_0003_find_key.txt,1,3,find_key,3,left,0.826169,0.4
001285,769,transition,769/transition_step_0001_0003_find_key.txt,transition_step_0001_0003_find_key.txt,1,3,find_key,3,right,0.826169,0.1
001285,769,transition,769/transition_step_0001_0003_find_key.txt,transition_step_0001_0003_find_key.txt,1,3,find_key,3,forward,0.834514,0.85
001285,769,transition,769/transition_step_0001_0003_find_key.txt,transition_step_0001_0003_find_key.txt,1,3,find_key,3,pickup,0.842943,0.0
001285,769,transition,769/transition_step_0001_0003_find_key.txt,transition_step_0001_0003_find_key.txt,1,3,find_key,3,toggle,0.834514,0.0
001153,130,off_track,130/off_track/off_track_step_0000_reach_goal.txt,off_track_step_0000_reach_goal.txt,0,0,reach_goal,3,left,0.904382,0.2
001153,130,off_track,130/off_track/off_track_step_0000_reach_goal.txt,off_track_step_0000_reach_goal.txt,0,0,reach_goal,3,right,0.904382,0.75
001153,130,off_track,130/off_track/off_track_step_0000_reach_goal.txt,off_track_step_0000_reach_goal.txt,0,0,reach_goal,3,forward,0.886385,0.1
001153,130,off_track,130/off_track/off_track_step_0000_reach_goal.txt,off_track_step_0000_reach_goal.txt,0,0,reach_goal,3,pickup,0.895338,0.0
001153,130,off_track,130/off_track/off_track_step_0000_reach_goal.txt,off_track_step_0000_reach_goal.txt,0,0,reach_goal,3,toggle,0.895338,0.0
001441,491,off_track,491/off_track/off_track_step_0000_find_key.txt,off_track_step_0000_find_key.txt,0,0,find_key,3,left,0.895338,0.9
001441,491,off_track,491/off_track/off_track_step_0000_find_key.txt,off_track_step_0000_find_key.txt,0,0,find_key,3,right,0.877521,0.1
001441,491,off_track,491/off_track/off_track_step_0000_find_key.txt,off_track_step_0000_find_key.txt,0,0,find_key,3,forward,0.895338,0.3
001441,491,off_track,491/off_track/off_track_step_0000_find_key.txt,off_track_step_0000_find_key.txt,0,0,find_key,3,pickup,0.886385,0.0
001441,491,off_track,491/off_track/off_track_step_0000_find_key.txt,off_track_step_0000_find_key.txt,0,0,find_key,3,toggle,0.886385,0.0
000625,466,intermediate,466/intermediate_step_0108_0110_reach_goal.txt,intermediate_step_0108_0110_reach_goal.txt,108,110,reach_goal,3,left,0.960596,0.05
000625,466,intermediate,466/intermediate_step_0108_0110_reach_goal.txt,intermediate_step_0108_0110_reach_goal.txt,108,110,reach_goal,3,right,0.960596,0.05
000625,466,intermediate,466/intermediate_step_0108_0110_reach_goal.txt,intermediate_step_0108_0110_reach_goal.txt,108,110,reach_goal,3,forward,0.9801,0.9
000625,466,intermediate,466/intermediate_step_0108_0110_reach_goal.txt,intermediate_step_0108_0110_reach_goal.txt,108,110,reach_goal,3,pickup,0.970299,0.0
000625,466,intermediate,466/intermediate_step_0108_0110_reach_goal.txt,intermediate_step_0108_0110_reach_goal.txt,108,110,reach_goal,3,toggle,0.970299,0.0
000643,466,off_track,466/off_track/off_track_step_0000_reach_goal.txt,off_track_step_0000_reach_goal.txt,0,0,reach_goal,3,left,0.895338,0.5
000643,466,off_track,466/off_track/off_track_step_0000_reach_goal.txt,off_track_step_0000_reach_goal.txt,0,0,reach_goal,3,right,0.877521,0.1
000643,466,off_track,466/off_track/off_track_step_0000_reach_goal.txt,off_track_step_0000_reach_goal.txt,0,0,reach_goal,3,forward,0.860058,0.3
000643,466,off_track,466/off_track/off_track_step_0000_reach_goal.txt,off_track_step_0000_reach_goal.txt,0,0,reach_goal,3,pickup,0.886385,0.0
000643,466,off_track,466/off_track/off_track_step_0000_reach_goal.txt,off_track_step_0000_reach_goal.txt,0,0,reach_goal,3,toggle,0.886385,0.0
001327,769,off_track,769/off_track/off_track_step_0000_open_door.txt,off_track_step_0000_open_door.txt,0,0,open_door,3,left,0.886385,0.8
001327,769,off_track,769/off_track/off_track_step_0000_open_door.txt,off_track_step_0000_open_door.txt,0,0,open_door,3,right,0.868746,0.3
001327,769,off_track,769/off_track/off_track_step_0000_open_door.txt,off_track_step_0000_open_door.txt,0,0,open_door,3,forward,0.886385,0.0
001327,769,off_track,769/off_track/off_track_step_0000_open_door.txt,off_track_step_0000_open_door.txt,0,0,open_door,3,pickup,0.877521,0.0
001327,769,off_track,769/off_track/off_track_step_0000_open_door.txt,off_track_step_0000_open_door.txt,0,0,open_door,3,toggle,0.877521,0.0
001207,661,off_track,661/off_track/off_track_step_0000_open_door.txt,off_track_step_0000_open_door.txt,0,0,open_door,3,left,0.960596,0.4
001207,661,off_track,661/off_track/off_track_step_0000_open_door.txt,off_track_step_0000_open_door.txt,0,0,open_door,3,right,0.95099,0.1
001207,661,off_track,661/off_track/off_track_step_0000_open_door.txt,off_track_step_0000_open_door.txt,0,0,open_door,3,forward,0.970299,0.1
001207,661,off_track,661/off_track/off_track_step_0000_open_door.txt,off_track_step_0000_open_door.txt,0,0,open_door,3,pickup,0.960596,0.0
001207,661,off_track,661/off_track/off_track_step_0000_open_door.txt,off_track_step_0000_open_door.txt,0,0,open_door,3,toggle,0.960596,0.0
000907,372,intermediate,372/intermediate_step_0155_0157_reach_goal.txt,intermediate_step_0155_0157_reach_goal.txt,155,157,reach_goal,3,left,0.95099,0.2
000907,372,intermediate,372/intermediate_step_0155_0157_reach_goal.txt,intermediate_step_0155_0157_reach_goal.txt,155,157,reach_goal,3,right,0.95099,0.2
000907,372,intermediate,372/intermediate_step_0155_0157_reach_goal.txt,intermediate_step_0155_0157_reach_goal.txt,155,157,reach_goal,3,forward,0.970299,0.5
000907,372,intermediate,372/intermediate_step_0155_0157_reach_goal.txt,intermediate_step_0155_0157_reach_goal.txt,155,157,reach_goal,3,pickup,0.960596,0.03
000907,372,intermediate,372/intermediate_step_0155_0157_reach_goal.txt,intermediate_step_0155_0157_reach_goal.txt,155,157,reach_goal,3,toggle,0.960596,0.04
001555,805,intermediate,805/intermediate_step_0077_0079_reach_goal.txt,intermediate_step_0077_0079_reach_goal.txt,77,79,reach_goal,3,left,0.95099,0.2
001555,805,intermediate,805/intermediate_step_0077_0079_reach_goal.txt,intermediate_step_0077_0079_reach_goal.txt,77,79,reach_goal,3,right,0.960596,0.2
001555,805,intermediate,805/intermediate_step_0077_0079_reach_goal.txt,intermediate_step_0077_0079_reach_goal.txt,77,79,reach_goal,3,forward,0.970299,0.55
001555,805,intermediate,805/intermediate_step_0077_0079_reach_goal.txt,intermediate_step_0077_0079_reach_goal.txt,77,79,reach_goal,3,pickup,0.960596,0.01
001555,805,intermediate,805/intermediate_step_0077_0079_reach_goal.txt,intermediate_step_0077_0079_reach_goal.txt,77,79,reach_goal,3,toggle,0.960596,0.02
000313,71,transition,71/transition_step_0004_0006_open_door.txt,transition_step_0004_0006_open_door.txt,4,6,open_door,3,left,0.922745,0.2
000313,71,transition,71/transition_step_0004_0006_open_door.txt,transition_step_0004_0006_open_door.txt,4,6,open_door,3,right,0.922745,0.2
000313,71,transition,71/transition_step_0004_0006_open_door.txt,transition_step_0004_0006_open_door.txt,4,6,open_door,3,forward,0.932065,0.55
000313,71,transition,71/transition_step_0004_0006_open_door.txt,transition_step_0004_0006_open_door.txt,4,6,open_door,3,pickup,0.932065,0.01
000313,71,transition,71/transition_step_0004_0006_open_door.txt,transition_step_0004_0006_open_door.txt,4,6,open_door,3,toggle,0.94148,0.02
000805,458,off_track,458/off_track/off_track_step_0000_reach_goal.txt,off_track_step_0000_reach_goal.txt,0,0,reach_goal,3,left,0.913517,0.15
000805,458,off_track,458/off_track/off_track_step_0000_reach_goal.txt,off_track_step_0000_reach_goal.txt,0,0,reach_goal,3,right,0.922745,0.7
000805,458,off_track,458/off_track/off_track_step_0000_reach_goal.txt,off_track_step_0000_reach_goal.txt,0,0,reach_goal,3,forward,0.913517,0.1
000805,458,off_track,458/off_track/off_track_step_0000_reach_goal.txt,off_track_step_0000_reach_goal.txt,0,0,reach_goal,3,pickup,0.913517,0.01
000805,458,off_track,458/off_track/off_track_step_0000_reach_goal.txt,off_track_step_0000_reach_goal.txt,0,0,reach_goal,3,toggle,0.913517,0.02
001477,413,transition,413/transition_step_0014_0016_open_door.txt,transition_step_0014_0016_open_door.txt,14,16,open_door,3,left,0.904382,0.4
001477,413,transition,413/transition_step_0014_0016_open_door.txt,transition_step_0014_0016_open_door.txt,14,16,open_door,3,right,0.904382,0.4
001477,413,transition,413/transition_step_0014_0016_open_door.txt,transition_step_0014_0016_open_door.txt,14,16,open_door,3,forward,0.913517,0.1
001477,413,transition,413/transition_step_0014_0016_open_door.txt,transition_step_0014_0016_open_door.txt,14,16,open_door,3,pickup,0.913517,0.0
001477,413,transition,413/transition_step_0014_0016_open_door.txt,transition_step_0014_0016_open_door.txt,14,16,open_door,3,toggle,0.922745,0.85
001717,955,transition,955/transition_step_0099_0101_reach_goal.txt,transition_step_0099_0101_reach_goal.txt,99,101,reach_goal,3,left,0.9801,0.5
001717,955,transition,955/transition_step_0099_0101_reach_goal.txt,transition_step_0099_0101_reach_goal.txt,99,101,reach_goal,3,right,0.9801,0.5
001717,955,transition,955/transition_step_0099_0101_reach_goal.txt,transition_step_0099_0101_reach_goal.txt,99,101,reach_goal,3,forward,1.0,0.95
001717,955,transition,955/transition_step_0099_0101_reach_goal.txt,transition_step_0099_0101_reach_goal.txt,99,101,reach_goal,3,pickup,0.99,0.0
001717,955,transition,955/transition_step_0099_0101_reach_goal.txt,transition_step_0099_0101_reach_goal.txt,99,101,reach_goal,3,toggle,0.99,0.1
000679,214,transition,214/transition_step_0056_0058_reach_goal.txt,transition_step_0056_0058_reach_goal.txt,56,58,reach_goal,3,left,0.9801,0.5
000679,214,transition,214/transition_step_0056_0058_reach_goal.txt,transition_step_0056_0058_reach_goal.txt,56,58,reach_goal,3,right,0.9801,0.5
000679,214,transition,214/transition_step_0056_0058_reach_goal.txt,transition_step_0056_0058_reach_goal.txt,56,58,reach_goal,3,forward,1.0,0.95
000679,214,transition,214/transition_step_0056_0058_reach_goal.txt,transition_step_0056_0058_reach_goal.txt,56,58,reach_goal,3,pickup,0.99,0.0
000679,214,transition,214/transition_step_0056_0058_reach_goal.txt,transition_step_0056_0058_reach_goal.txt,56,58,reach_goal,3,toggle,0.99,0.1
001591,385,intermediate,385/intermediate_step_0003_0005_find_key.txt,intermediate_step_0003_0005_find_key.txt,3,5,find_key,3,left,0.895338,0.3
001591,385,intermediate,385/intermediate_step_0003_0005_find_key.txt,intermediate_step_0003_0005_find_key.txt,3,5,find_key,3,right,0.877521,0.3
001591,385,intermediate,385/intermediate_step_0003_0005_find_key.txt,intermediate_step_0003_0005_find_key.txt,3,5,find_key,3,forward,0.895338,0.5
001591,385,intermediate,385/intermediate_step_0003_0005_find_key.txt,intermediate_step_0003_0005_find_key.txt,3,5,find_key,3,pickup,0.886385,0.0
001591,385,intermediate,385/intermediate_step_0003_0005_find_key.txt,intermediate_step_0003_0005_find_key.txt,3,5,find_key,3,toggle,0.886385,0.0
000931,99,worst,99/worst_step_0000_find_key.txt,worst_step_0000_find_key.txt,0,0,find_key,1,left,0.817907,0.1
000931,99,worst,99/worst_step_0000_find_key.txt,worst_step_0000_find_key.txt,0,0,find_key,1,right,0.817907,0.8
000931,99,worst,99/worst_step_0000_find_key.txt,worst_step_0000_find_key.txt,0,0,find_key,1,forward,0.801631,0.1
000931,99,worst,99/worst_step_0000_find_key.txt,worst_step_0000_find_key.txt,0,0,find_key,1,pickup,0.809728,0.0
000931,99,worst,99/worst_step_0000_find_key.txt,worst_step_0000_find_key.txt,0,0,find_key,1,toggle,0.809728,0.0
001387,343,off_track,343/off_track/off_track_step_0000_open_door.txt,off_track_step_0000_open_door.txt,0,0,open_door,3,left,0.904382,0.7
001387,343,off_track,343/off_track/off_track_step_0000_open_door.txt,off_track_step_0000_open_door.txt,0,0,open_door,3,right,0.886385,0.1
001387,343,off_track,343/off_track/off_track_step_0000_open_door.txt,off_track_step_0000_open_door.txt,0,0,open_door,3,forward,0.895338,0.0
001387,343,off_track,343/off_track/off_track_step_0000_open_door.txt,off_track_step_0000_open_door.txt,0,0,open_door,3,pickup,0.895338,0.0
001387,343,off_track,343/off_track/off_track_step_0000_open_door.txt,off_track_step_0000_open_door.txt,0,0,open_door,3,toggle,0.895338,0.0
000259,106,intermediate,106/intermediate_step_0005_0007_open_door.txt,intermediate_step_0005_0007_open_door.txt,5,7,open_door,3,left,0.877521,0.0
000259,106,intermediate,106/intermediate_step_0005_0007_open_door.txt,intermediate_step_0005_0007_open_door.txt,5,7,open_door,3,right,0.895338,0.9
000259,106,intermediate,106/intermediate_step_0005_0007_open_door.txt,intermediate_step_0005_0007_open_door.txt,5,7,open_door,3,forward,0.860058,0.0
000259,106,intermediate,106/intermediate_step_0005_0007_open_door.txt,intermediate_step_0005_0007_open_door.txt,5,7,open_door,3,pickup,0.886385,0.0
000259,106,intermediate,106/intermediate_step_0005_0007_open_door.txt,intermediate_step_0005_0007_open_door.txt,5,7,open_door,3,toggle,0.886385,0.0
000007,102,transition,102/transition_step_0004_0006_find_key.txt,transition_step_0004_0006_find_key.txt,4,6,find_key,3,left,0.842943,0.0
000007,102,transition,102/transition_step_0004_0006_find_key.txt,transition_step_0004_0006_find_key.txt,4,6,find_key,3,right,0.842943,0.0
000007,102,transition,102/transition_step_0004_0006_find_key.txt,transition_step_0004_0006_find_key.txt,4,6,find_key,3,forward,0.851458,0.4
000007,102,transition,102/transition_step_0004_0006_find_key.txt,transition_step_0004_0006_find_key.txt,4,6,find_key,3,pickup,0.860058,0.9
000007,102,transition,102/transition_step_0004_0006_find_key.txt,transition_step_0004_0006_find_key.txt,4,6,find_key,3,toggle,0.851458,0.0
001519,805,worst,805/worst_step_0000_find_key.txt,worst_step_0000_find_key.txt,0,0,find_key,1,left,0.851458,0.8
001519,805,worst,805/worst_step_0000_find_key.txt,worst_step_0000_find_key.txt,0,0,find_key,1,right,0.851458,0.1
001519,805,worst,805/worst_step_0000_find_key.txt,worst_step_0000_find_key.txt,0,0,find_key,1,forward,0.842943,0.1
001519,805,worst,805/worst_step_0000_find_key.txt,worst_step_0000_find_key.txt,0,0,find_key,1,pickup,0.842943,0.0
001519,805,worst,805/worst_step_0000_find_key.txt,worst_step_0000_find_key.txt,0,0,find_key,1,toggle,0.842943,0.0
001429,491,transition,491/transition_step_0066_0068_reach_goal.txt,transition_step_0066_0068_reach_goal.txt,66,68,reach_goal,3,left,0.9801,0.8
001429,491,transition,491/transition_step_0066_0068_reach_goal.txt,transition_step_0066_0068_reach_goal.txt,66,68,reach_goal,3,right,0.9801,0.1
001429,491,transition,491/transition_step_0066_0068_reach_goal.txt,transition_step_0066_0068_reach_goal.txt,66,68,reach_goal,3,forward,1.0,0.8
001429,491,transition,491/transition_step_0066_0068_reach_goal.txt,transition_step_0066_0068_reach_goal.txt,66,68,reach_goal,3,pickup,0.99,0.0
001429,491,transition,491/transition_step_0066_0068_reach_goal.txt,transition_step_0066_0068_reach_goal.txt,66,68,reach_goal,3,toggle,0.99,0.0
000397,700,off_track,700/off_track/off_track_step_0000_find_key.txt,off_track_step_0000_find_key.txt,0,0,find_key,3,left,0.922745,0.1
000397,700,off_track,700/off_track/off_track_step_0000_find_key.txt,off_track_step_0000_find_key.txt,0,0,find_key,3,right,0.932065,0.9
000397,700,off_track,700/off_track/off_track_step_0000_find_key.txt,off_track_step_0000_find_key.txt,0,0,find_key,3,forward,0.913517,0.0
000397,700,off_track,700/off_track/off_track_step_0000_find_key.txt,off_track_step_0000_find_key.txt,0,0,find_key,3,pickup,0.922745,0.0
000397,700,off_track,700/off_track/off_track_step_0000_find_key.txt,off_track_step_0000_find_key.txt,0,0,find_key,3,toggle,0.922745,0.0
000385,700,transition,700/transition_step_0035_0037_reach_goal.txt,transition_step_0035_0037_reach_goal.txt,35,37,reach_goal,3,left,0.9801,0.8
000385,700,transition,700/transition_step_0035_0037_reach_goal.txt,transition_step_0035_0037_reach_goal.txt,35,37,reach_goal,3,right,0.9801,0.1
000385,700,transition,700/transition_step_0035_0037_reach_goal.txt,transition_step_0035_0037_reach_goal.txt,35,37,reach_goal,3,forward,1.0,0.8
000385,700,transition,700/transition_step_0035_0037_reach_goal.txt,transition_step_0035_0037_reach_goal.txt,35,37,reach_goal,3,pickup,0.99,0.0
000385,700,transition,700/transition_step_0035_0037_reach_goal.txt,transition_step_0035_0037_reach_goal.txt,35,37,reach_goal,3,toggle,0.99,0.0
000175,860,off_track,860/off_track/off_track_step_0000_reach_goal.txt,off_track_step_0000_reach_goal.txt,0,0,reach_goal,3,left,0.922745,0.95
000175,860,off_track,860/off_track/off_track_step_0000_reach_goal.txt,off_track_step_0000_reach_goal.txt,0,0,reach_goal,3,right,0.904382,0.85
000175,860,off_track,860/off_track/off_track_step_0000_reach_goal.txt,off_track_step_0000_reach_goal.txt,0,0,reach_goal,3,forward,0.904382,0.88
000175,860,off_track,860/off_track/off_track_step_0000_reach_goal.txt,off_track_step_0000_reach_goal.txt,0,0,reach_goal,3,pickup,0.913517,0.0
000175,860,off_track,860/off_track/off_track_step_0000_reach_goal.txt,off_track_step_0000_reach_goal.txt,0,0,reach_goal,3,toggle,0.913517,0.0
000823,87,intermediate,87/intermediate_step_0043_0045_find_key.txt,intermediate_step_0043_0045_find_key.txt,43,45,find_key,3,left,0.877521,0.4
000823,87,intermediate,87/intermediate_step_0043_0045_find_key.txt,intermediate_step_0043_0045_find_key.txt,43,45,find_key,3,right,0.895338,0.95
000823,87,intermediate,87/intermediate_step_0043_0045_find_key.txt,intermediate_step_0043_0045_find_key.txt,43,45,find_key,3,forward,0.886385,0.0
000823,87,intermediate,87/intermediate_step_0043_0045_find_key.txt,intermediate_step_0043_0045_find_key.txt,43,45,find_key,3,pickup,0.886385,0.0
000823,87,intermediate,87/intermediate_step_0043_0045_find_key.txt,intermediate_step_0043_0045_find_key.txt,43,45,find_key,3,toggle,0.886385,0.0
001537,805,transition,805/transition_step_0074_0076_open_door.txt,transition_step_0074_0076_open_door.txt,74,76,open_door,3,left,0.922745,0.75
001537,805,transition,805/transition_step_0074_0076_open_door.txt,transition_step_0074_0076_open_door.txt,74,76,open_door,3,right,0.922745,0.75
001537,805,transition,805/transition_step_0074_0076_open_door.txt,transition_step_0074_0076_open_door.txt,74,76,open_door,3,forward,0.932065,0.98
001537,805,transition,805/transition_step_0074_0076_open_door.txt,transition_step_0074_0076_open_door.txt,74,76,open_door,3,pickup,0.932065,0.0
001537,805,transition,805/transition_step_0074_0076_open_door.txt,transition_step_0074_0076_open_door.txt,74,76,open_door,3,toggle,0.94148,0.0
000343,71,off_track,71/off_track/off_track_step_0000_open_door.txt,off_track_step_0000_open_door.txt,0,0,open_door,3,left,0.95099,0.7
000343,71,off_track,71/off_track/off_track_step_0000_open_door.txt,off_track_step_0000_open_door.txt,0,0,open_door,3,right,0.95099,0.3
000343,71,off_track,71/off_track/off_track_step_0000_open_door.txt,off_track_step_0000_open_door.txt,0,0,open_door,3,forward,0.932065,0.35
000343,71,off_track,71/off_track/off_track_step_0000_open_door.txt,off_track_step_0000_open_door.txt,0,0,open_door,3,pickup,0.94148,0.0
000343,71,off_track,71/off_track/off_track_step_0000_open_door.txt,off_track_step_0000_open_door.txt,0,0,open_door,3,toggle,0.94148,0.0
000553,121,intermediate,121/intermediate_step_0080_0082_open_door.txt,intermediate_step_0080_0082_open_door.txt,80,82,open_door,3,left,0.877521,0.35
000553,121,intermediate,121/intermediate_step_0080_0082_open_door.txt,intermediate_step_0080_0082_open_door.txt,80,82,open_door,3,right,0.895338,0.85
000553,121,intermediate,121/intermediate_step_0080_0082_open_door.txt,intermediate_step_0080_0082_open_door.txt,80,82,open_door,3,forward,0.886385,0.0
000553,121,intermediate,121/intermediate_step_0080_0082_open_door.txt,intermediate_step_0080_0082_open_door.txt,80,82,open_door,3,pickup,0.886385,0.0
000553,121,intermediate,121/intermediate_step_0080_0082_open_door.txt,intermediate_step_0080_0082_open_door.txt,80,82,open_door,3,toggle,0.886385,0.1
000541,121,intermediate,121/intermediate_step_0000_0001_find_key.txt,intermediate_step_0000_0001_find_key.txt,0,1,find_key,2,left,0.851458,0.75
000541,121,intermediate,121/intermediate_step_0000_0001_find_key.txt,intermediate_step_0000_0001_find_key.txt,0,1,find_key,2,right,0.834514,0.2
000541,121,intermediate,121/intermediate_step_0000_0001_find_key.txt,intermediate_step_0000_0001_find_key.txt,0,1,find_key,2,forward,0.851458,0.75
000541,121,intermediate,121/intermediate_step_0000_0001_find_key.txt,intermediate_step_0000_0001_find_key.txt,0,1,find_key,2,pickup,0.842943,0.0
000541,121,intermediate,121/intermediate_step_0000_0001_find_key.txt,intermediate_step_0000_0001_find_key.txt,0,1,find_key,2,toggle,0.842943,0.0
000709,330,transition,330/transition_step_0011_0013_open_door.txt,transition_step_0011_0013_open_door.txt,11,13,open_door,3,left,0.913517,0.2
000709,330,transition,330/transition_step_0011_0013_open_door.txt,transition_step_0011_0013_open_door.txt,11,13,open_door,3,right,0.913517,0.2
000709,330,transition,330/transition_step_0011_0013_open_door.txt,transition_step_0011_0013_open_door.txt,11,13,open_door,3,forward,0.922745,0.3
000709,330,transition,330/transition_step_0011_0013_open_door.txt,transition_step_0011_0013_open_door.txt,11,13,open_door,3,pickup,0.922745,0.0
000709,330,transition,330/transition_step_0011_0013_open_door.txt,transition_step_0011_0013_open_door.txt,11,13,open_door,3,toggle,0.932065,0.95
001627,385,off_track,385/off_track/off_track_step_0000_open_door.txt,off_track_step_0000_open_door.txt,0,0,open_door,3,left,0.904382,0.1
001627,385,off_track,385/off_track/off_track_step_0000_open_door.txt,off_track_step_0000_open_door.txt,0,0,open_door,3,right,0.922745,0.8
001627,385,off_track,385/off_track/off_track_step_0000_open_door.txt,off_track_step_0000_open_door.txt,0,0,open_door,3,forward,0.922745,0.0
001627,385,off_track,385/off_track/off_track_step_0000_open_door.txt,off_track_step_0000_open_door.txt,0,0,open_door,3,pickup,0.913517,0.0
001627,385,off_track,385/off_track/off_track_step_0000_open_door.txt,off_track_step_0000_open_door.txt,0,0,open_door,3,toggle,0.913517,0.0
000811,87,worst,87/worst_step_0000_find_key.txt,worst_step_0000_find_key.txt,0,0,find_key,1,left,0.860058,1.0
000811,87,worst,87/worst_step_0000_find_key.txt,worst_step_0000_find_key.txt,0,0,find_key,1,right,0.860058,0.1
000811,87,worst,87/worst_step_0000_find_key.txt,worst_step_0000_find_key.txt,0,0,find_key,1,forward,0.851458,0.0
000811,87,worst,87/worst_step_0000_find_key.txt,worst_step_0000_find_key.txt,0,0,find_key,1,pickup,0.851458,0.0
000811,87,worst,87/worst_step_0000_find_key.txt,worst_step_0000_find_key.txt,0,0,find_key,1,toggle,0.851458,0.0
000847,87,intermediate,87/intermediate_step_0053_0055_reach_goal.txt,intermediate_step_0053_0055_reach_goal.txt,53,55,reach_goal,3,left,0.95099,0.1
000847,87,intermediate,87/intermediate_step_0053_0055_reach_goal.txt,intermediate_step_0053_0055_reach_goal.txt,53,55,reach_goal,3,right,0.960596,0.8
000847,87,intermediate,87/intermediate_step_0053_0055_reach_goal.txt,intermediate_step_0053_0055_reach_goal.txt,53,55,reach_goal,3,forward,0.970299,0.6
000847,87,intermediate,87/intermediate_step_0053_0055_reach_goal.txt,intermediate_step_0053_0055_reach_goal.txt,53,55,reach_goal,3,pickup,0.960596,0.0
000847,87,intermediate,87/intermediate_step_0053_0055_reach_goal.txt,intermediate_step_0053_0055_reach_goal.txt,53,55,reach_goal,3,toggle,0.960596,0.0
001093,663,off_track,663/off_track/off_track_step_0000_reach_goal.txt,off_track_step_0000_reach_goal.txt,0,0,reach_goal,3,left,0.904382,0.5
001093,663,off_track,663/off_track/off_track_step_0000_reach_goal.txt,off_track_step_0000_reach_goal.txt,0,0,reach_goal,3,right,0.904382,0.1
001093,663,off_track,663/off_track/off_track_step_0000_reach_goal.txt,off_track_step_0000_reach_goal.txt,0,0,reach_goal,3,forward,0.922745,1.0
001093,663,off_track,663/off_track/off_track_step_0000_reach_goal.txt,off_track_step_0000_reach_goal.txt,0,0,reach_goal,3,pickup,0.913517,0.0
001093,663,off_track,663/off_track/off_track_step_0000_reach_goal.txt,off_track_step_0000_reach_goal.txt,0,0,reach_goal,3,toggle,0.913517,0.0
000379,700,intermediate,700/intermediate_step_0023_0025_open_door.txt,intermediate_step_0023_0025_open_door.txt,23,25,open_door,3,left,0.886385,0.1
000379,700,intermediate,700/intermediate_step_0023_0025_open_door.txt,intermediate_step_0023_0025_open_door.txt,23,25,open_door,3,right,0.904382,1.0
000379,700,intermediate,700/intermediate_step_0023_0025_open_door.txt,intermediate_step_0023_0025_open_door.txt,23,25,open_door,3,forward,0.868746,0.2
000379,700,intermediate,700/intermediate_step_0023_0025_open_door.txt,intermediate_step_0023_0025_open_door.txt,23,25,open_door,3,pickup,0.895338,0.0
000379,700,intermediate,700/intermediate_step_0023_0025_open_door.txt,intermediate_step_0023_0025_open_door.txt,23,25,open_door,3,toggle,0.895338,0.0
000733,330,off_track,330/off_track/off_track_step_0000_find_key.txt,off_track_step_0000_find_key.txt,0,0,find_key,3,left,0.886385,0.75
000733,330,off_track,330/off_track/off_track_step_0000_find_key.txt,off_track_step_0000_find_key.txt,0,0,find_key,3,right,0.886385,0.87
000733,330,off_track,330/off_track/off_track_step_0000_find_key.txt,off_track_step_0000_find_key.txt,0,0,find_key,3,forward,0.904382,0.7
000733,330,off_track,330/off_track/off_track_step_0000_find_key.txt,off_track_step_0000_find_key.txt,0,0,find_key,3,pickup,0.895338,0.0
000733,330,off_track,330/off_track/off_track_step_0000_find_key.txt,off_track_step_0000_find_key.txt,0,0,find_key,3,toggle,0.895338,0.0
000607,466,transition,466/transition_step_0094_0096_open_door.txt,transition_step_0094_0096_open_door.txt,94,96,open_door,3,left,0.895338,0.6
000607,466,transition,466/transition_step_0094_0096_open_door.txt,transition_step_0094_0096_open_door.txt,94,96,open_door,3,right,0.895338,0.6
000607,466,transition,466/transition_step_0094_0096_open_door.txt,transition_step_0094_0096_open_door.txt,94,96,open_door,3,forward,0.904382,0.85
000607,466,transition,466/transition_step_0094_0096_open_door.txt,transition_step_0094_0096_open_door.txt,94,96,open_door,3,pickup,0.904382,0.0
000607,466,transition,466/transition_step_0094_0096_open_door.txt,transition_step_0094_0096_open_door.txt,94,96,open_door,3,toggle,0.913517,0.9
000067,435,transition,435/transition_step_0005_0007_find_key.txt,transition_step_0005_0007_find_key.txt,5,7,find_key,3,left,0.860058,0.7
000067,435,transition,435/transition_step_0005_0007_find_key.txt,transition_step_0005_0007_find_key.txt,5,7,find_key,3,right,0.860058,0.7
000067,435,transition,435/transition_step_0005_0007_find_key.txt,transition_step_0005_0007_find_key.txt,5,7,find_key,3,forward,0.868746,0.87
000067,435,transition,435/transition_step_0005_0007_find_key.txt,transition_step_0005_0007_find_key.txt,5,7,find_key,3,pickup,0.877521,0.0
000067,435,transition,435/transition_step_0005_0007_find_key.txt,transition_step_0005_0007_find_key.txt,5,7,find_key,3,toggle,0.868746,0.0
000889,372,transition,372/transition_step_0151_0153_open_door.txt,transition_step_0151_0153_open_door.txt,151,153,open_door,3,left,0.932065,0.6
000889,372,transition,372/transition_step_0151_0153_open_door.txt,transition_step_0151_0153_open_door.txt,151,153,open_door,3,right,0.932065,0.6
000889,372,transition,372/transition_step_0151_0153_open_door.txt,transition_step_0151_0153_open_door.txt,151,153,open_door,3,forward,0.94148,0.85
000889,372,transition,372/transition_step_0151_0153_open_door.txt,transition_step_0151_0153_open_door.txt,151,153,open_door,3,pickup,0.94148,0.0
000889,372,transition,372/transition_step_0151_0153_open_door.txt,transition_step_0151_0153_open_door.txt,151,153,open_door,3,toggle,0.95099,0.9
001465,413,transition,413/transition_step_0001_0003_find_key.txt,transition_step_0001_0003_find_key.txt,1,3,find_key,3,left,0.860058,0.1
001465,413,transition,413/transition_step_0001_0003_find_key.txt,transition_step_0001_0003_find_key.txt,1,3,find_key,3,right,0.860058,0.1
001465,413,transition,413/transition_step_0001_0003_find_key.txt,transition_step_0001_0003_find_key.txt,1,3,find_key,3,forward,0.868746,0.85
001465,413,transition,413/transition_step_0001_0003_find_key.txt,transition_step_0001_0003_find_key.txt,1,3,find_key,3,pickup,0.877521,0.88
001465,413,transition,413/transition_step_0001_0003_find_key.txt,transition_step_0001_0003_find_key.txt,1,3,find_key,3,toggle,0.868746,0.0
000631,466,off_track,466/off_track/off_track_step_0000_find_key.txt,off_track_step_0000_find_key.txt,0,0,find_key,3,left,0.895338,0.3
000631,466,off_track,466/off_track/off_track_step_0000_find_key.txt,off_track_step_0000_find_key.txt,0,0,find_key,3,right,0.877521,0.1
000631,466,off_track,466/off_track/off_track_step_0000_find_key.txt,off_track_step_0000_find_key.txt,0,0,find_key,3,forward,0.860058,0.1
000631,466,off_track,466/off_track/off_track_step_0000_find_key.txt,off_track_step_0000_find_key.txt,0,0,find_key,3,pickup,0.886385,0.0
000631,466,off_track,466/off_track/off_track_step_0000_find_key.txt,off_track_step_0000_find_key.txt,0,0,find_key,3,toggle,0.886385,0.0
001069,663,transition,663/transition_step_0055_0057_reach_goal.txt,transition_step_0055_0057_reach_goal.txt,55,57,reach_goal,3,left,0.9801,0.0
001069,663,transition,663/transition_step_0055_0057_reach_goal.txt,transition_step_0055_0057_reach_goal.txt,55,57,reach_goal,3,right,0.9801,0.0
001069,663,transition,663/transition_step_0055_0057_reach_goal.txt,transition_step_0055_0057_reach_goal.txt,55,57,reach_goal,3,forward,1.0,1.0
001069,663,transition,663/transition_step_0055_0057_reach_goal.txt,transition_step_0055_0057_reach_goal.txt,55,57,reach_goal,3,pickup,0.99,0.0
001069,663,transition,663/transition_step_0055_0057_reach_goal.txt,transition_step_0055_0057_reach_goal.txt,55,57,reach_goal,3,toggle,0.99,0.0
000757,458,transition,458/transition_step_0005_0007_find_key.txt,transition_step_0005_0007_find_key.txt,5,7,find_key,3,left,0.860058,0.05
000757,458,transition,458/transition_step_0005_0007_find_key.txt,transition_step_0005_0007_find_key.txt,5,7,find_key,3,right,0.860058,0.05
000757,458,transition,458/transition_step_0005_0007_find_key.txt,transition_step_0005_0007_find_key.txt,5,7,find_key,3,forward,0.868746,0.2
000757,458,transition,458/transition_step_0005_0007_find_key.txt,transition_step_0005_0007_find_key.txt,5,7,find_key,3,pickup,0.877521,0.7
000757,458,transition,458/transition_step_0005_0007_find_key.txt,transition_step_0005_0007_find_key.txt,5,7,find_key,3,toggle,0.868746,0.0
001375,343,intermediate,343/intermediate_step_0204_0206_reach_goal.txt,intermediate_step_0204_0206_reach_goal.txt,204,206,reach_goal,3,left,0.9801,0.05
001375,343,intermediate,343/intermediate_step_0204_0206_reach_goal.txt,intermediate_step_0204_0206_reach_goal.txt,204,206,reach_goal,3,right,0.960596,0.05
001375,343,intermediate,343/intermediate_step_0204_0206_reach_goal.txt,intermediate_step_0204_0206_reach_goal.txt,204,206,reach_goal,3,forward,0.95099,0.8
001375,343,intermediate,343/intermediate_step_0204_0206_reach_goal.txt,intermediate_step_0204_0206_reach_goal.txt,204,206,reach_goal,3,pickup,0.970299,0.0
001375,343,intermediate,343/intermediate_step_0204_0206_reach_goal.txt,intermediate_step_0204_0206_reach_goal.txt,204,206,reach_goal,3,toggle,0.970299,0.0
000331,71,intermediate,71/intermediate_step_0009_0011_reach_goal.txt,intermediate_step_0009_0011_reach_goal.txt,9,11,reach_goal,3,left,0.970299,1.0
000331,71,intermediate,71/intermediate_step_0009_0011_reach_goal.txt,intermediate_step_0009_0011_reach_goal.txt,9,11,reach_goal,3,right,0.970299,0.75
000331,71,intermediate,71/intermediate_step_0009_0011_reach_goal.txt,intermediate_step_0009_0011_reach_goal.txt,9,11,reach_goal,3,forward,0.99,0.0
000331,71,intermediate,71/intermediate_step_0009_0011_reach_goal.txt,intermediate_step_0009_0011_reach_goal.txt,9,11,reach_goal,3,pickup,0.9801,0.0
000331,71,intermediate,71/intermediate_step_0009_0011_reach_goal.txt,intermediate_step_0009_0011_reach_goal.txt,9,11,reach_goal,3,toggle,0.9801,0.0
001129,130,transition,130/transition_step_0060_0062_reach_goal.txt,transition_step_0060_0062_reach_goal.txt,60,62,reach_goal,3,left,0.9801,1.0
001129,130,transition,130/transition_step_0060_0062_reach_goal.txt,transition_step_0060_0062_reach_goal.txt,60,62,reach_goal,3,right,0.9801,0.7
001129,130,transition,130/transition_step_0060_0062_reach_goal.txt,transition_step_0060_0062_reach_goal.txt,60,62,reach_goal,3,forward,1.0,0.0
001129,130,transition,130/transition_step_0060_0062_reach_goal.txt,transition_step_0060_0062_reach_goal.txt,60,62,reach_goal,3,pickup,0.99,0.0
001129,130,transition,130/transition_step_0060_0062_reach_goal.txt,transition_step_0060_0062_reach_goal.txt,60,62,reach_goal,3,toggle,0.99,0.0
001075,663,intermediate,663/intermediate_step_0052_0054_reach_goal.txt,intermediate_step_0052_0054_reach_goal.txt,52,54,reach_goal,3,left,0.95099,0.8
001075,663,intermediate,663/intermediate_step_0052_0054_reach_goal.txt,intermediate_step_0052_0054_reach_goal.txt,52,54,reach_goal,3,right,0.95099,0.8
001075,663,intermediate,663/intermediate_step_0052_0054_reach_goal.txt,intermediate_step_0052_0054_reach_goal.txt,52,54,reach_goal,3,forward,0.970299,1.0
001075,663,intermediate,663/intermediate_step_0052_0054_reach_goal.txt,intermediate_step_0052_0054_reach_goal.txt,52,54,reach_goal,3,pickup,0.960596,0.0
001075,663,intermediate,663/intermediate_step_0052_0054_reach_goal.txt,intermediate_step_0052_0054_reach_goal.txt,52,54,reach_goal,3,toggle,0.960596,0.0
001171,661,intermediate,661/intermediate_step_0000_0000_find_key.txt,intermediate_step_0000_0000_find_key.txt,0,0,find_key,1,left,0.826169,0.4
001171,661,intermediate,661/intermediate_step_0000_0000_find_key.txt,intermediate_step_0000_0000_find_key.txt,0,0,find_key,1,right,0.842943,1.0
001171,661,intermediate,661/intermediate_step_0000_0000_find_key.txt,intermediate_step_0000_0000_find_key.txt,0,0,find_key,1,forward,0.834514,0.0
001171,661,intermediate,661/intermediate_step_0000_0000_find_key.txt,intermediate_step_0000_0000_find_key.txt,0,0,find_key,1,pickup,0.834514,0.0
001171,661,intermediate,661/intermediate_step_0000_0000_find_key.txt,intermediate_step_0000_0000_find_key.txt,0,0,find_key,1,toggle,0.834514,0.0
000877,372,transition,372/transition_step_0110_0112_find_key.txt,transition_step_0110_0112_find_key.txt,110,112,find_key,3,left,0.886385,0.05
000877,372,transition,372/transition_step_0110_0112_find_key.txt,transition_step_0110_0112_find_key.txt,110,112,find_key,3,right,0.886385,0.05
000877,372,transition,372/transition_step_0110_0112_find_key.txt,transition_step_0110_0112_find_key.txt,110,112,find_key,3,forward,0.895338,0.1
000877,372,transition,372/transition_step_0110_0112_find_key.txt,transition_step_0110_0112_find_key.txt,110,112,find_key,3,pickup,0.904382,0.8
000877,372,transition,372/transition_step_0110_0112_find_key.txt,transition_step_0110_0112_find_key.txt,110,112,find_key,3,toggle,0.895338,0.0
000433,20,transition,20/transition_step_0271_0273_open_door.txt,transition_step_0271_0273_open_door.txt,271,273,open_door,3,left,0.94148,0.05
000433,20,transition,20/transition_step_0271_0273_open_door.txt,transition_step_0271_0273_open_door.txt,271,273,open_door,3,right,0.94148,0.05
000433,20,transition,20/transition_step_0271_0273_open_door.txt,transition_step_0271_0273_open_door.txt,271,273,open_door,3,forward,0.95099,0.05
000433,20,transition,20/transition_step_0271_0273_open_door.txt,transition_step_0271_0273_open_door.txt,271,273,open_door,3,pickup,0.95099,0.05
000433,20,transition,20/transition_step_0271_0273_open_door.txt,transition_step_0271_0273_open_door.txt,271,273,open_door,3,toggle,0.960596,0.8
001669,191,transition,191/transition_step_0054_0056_reach_goal.txt,transition_step_0054_0056_reach_goal.txt,54,56,reach_goal,3,left,0.9801,0.1
001669,191,transition,191/transition_step_0054_0056_reach_goal.txt,transition_step_0054_0056_reach_goal.txt,54,56,reach_goal,3,right,0.9801,0.1
001669,191,transition,191/transition_step_0054_0056_reach_goal.txt,transition_step_0054_0056_reach_goal.txt,54,56,reach_goal,3,forward,1.0,0.8
001669,191,transition,191/transition_step_0054_0056_reach_goal.txt,transition_step_0054_0056_reach_goal.txt,54,56,reach_goal,3,pickup,0.99,0.0
001669,191,transition,191/transition_step_0054_0056_reach_goal.txt,transition_step_0054_0056_reach_goal.txt,54,56,reach_goal,3,toggle,0.99,0.0
001687,955,worst,955/worst_step_0000_find_key.txt,worst_step_0000_find_key.txt,0,0,find_key,1,left,0.842943,0.8
001687,955,worst,955/worst_step_0000_find_key.txt,worst_step_0000_find_key.txt,0,0,find_key,1,right,0.826169,0.1
001687,955,worst,955/worst_step_0000_find_key.txt,worst_step_0000_find_key.txt,0,0,find_key,1,forward,0.834514,0.0
001687,955,worst,955/worst_step_0000_find_key.txt,worst_step_0000_find_key.txt,0,0,find_key,1,pickup,0.834514,0.0
001687,955,worst,955/worst_step_0000_find_key.txt,worst_step_0000_find_key.txt,0,0,find_key,1,toggle,0.834514,0.1
000991,871,worst,871/worst_step_0000_find_key.txt,worst_step_0000_find_key.txt,0,0,find_key,1,left,0.868746,0.1
000991,871,worst,871/worst_step_0000_find_key.txt,worst_step_0000_find_key.txt,0,0,find_key,1,right,0.868746,0.1
000991,871,worst,871/worst_step_0000_find_key.txt,worst_step_0000_find_key.txt,0,0,find_key,1,forward,0.886385,0.9
000991,871,worst,871/worst_step_0000_find_key.txt,worst_step_0000_find_key.txt,0,0,find_key,1,pickup,0.877521,0.0
000991,871,worst,871/worst_step_0000_find_key.txt,worst_step_0000_find_key.txt,0,0,find_key,1,toggle,0.877521,0.0
000193,270,transition,270/transition_step_0019_0021_open_door.txt,transition_step_0019_0021_open_door.txt,19,21,open_door,3,left,0.932065,0.1
000193,270,transition,270/transition_step_0019_0021_open_door.txt,transition_step_0019_0021_open_door.txt,19,21,open_door,3,right,0.932065,0.1
000193,270,transition,270/transition_step_0019_0021_open_door.txt,transition_step_0019_0021_open_door.txt,19,21,open_door,3,forward,0.94148,0.2
000193,270,transition,270/transition_step_0019_0021_open_door.txt,transition_step_0019_0021_open_door.txt,19,21,open_door,3,pickup,0.94148,0.0
000193,270,transition,270/transition_step_0019_0021_open_door.txt,transition_step_0019_0021_open_door.txt,19,21,open_door,3,toggle,0.95099,1.0
000049,102,off_track,102/off_track/off_track_step_0000_open_door.txt,off_track_step_0000_open_door.txt,0,0,open_door,3,left,0.922745,0.6
000049,102,off_track,102/off_track/off_track_step_0000_open_door.txt,off_track_step_0000_open_door.txt,0,0,open_door,3,right,0.913517,0.1
000049,102,off_track,102/off_track/off_track_step_0000_open_door.txt,off_track_step_0000_open_door.txt,0,0,open_door,3,forward,0.913517,0.3
000049,102,off_track,102/off_track/off_track_step_0000_open_door.txt,off_track_step_0000_open_door.txt,0,0,open_door,3,pickup,0.913517,0.0
000049,102,off_track,102/off_track/off_track_step_0000_open_door.txt,off_track_step_0000_open_door.txt,0,0,open_door,3,toggle,0.913517,0.0
000655,214,transition,214/transition_step_0001_0003_find_key.txt,transition_step_0001_0003_find_key.txt,1,3,find_key,3,left,0.868746,0.0
000655,214,transition,214/transition_step_0001_0003_find_key.txt,transition_step_0001_0003_find_key.txt,1,3,find_key,3,right,0.868746,0.0
000655,214,transition,214/transition_step_0001_0003_find_key.txt,transition_step_0001_0003_find_key.txt,1,3,find_key,3,forward,0.877521,0.2
000655,214,transition,214/transition_step_0001_0003_find_key.txt,transition_step_0001_0003_find_key.txt,1,3,find_key,3,pickup,0.886385,1.0
000655,214,transition,214/transition_step_0001_0003_find_key.txt,transition_step_0001_0003_find_key.txt,1,3,find_key,3,toggle,0.877521,0.0
000061,435,worst,435/worst_step_0000_find_key.txt,worst_step_0000_find_key.txt,0,0,find_key,1,left,0.817907,0.4
000061,435,worst,435/worst_step_0000_find_key.txt,worst_step_0000_find_key.txt,0,0,find_key,1,right,0.817907,1.0
000061,435,worst,435/worst_step_0000_find_key.txt,worst_step_0000_find_key.txt,0,0,find_key,1,forward,0.809728,0.0
000061,435,worst,435/worst_step_0000_find_key.txt,worst_step_0000_find_key.txt,0,0,find_key,1,pickup,0.809728,0.0
000061,435,worst,435/worst_step_0000_find_key.txt,worst_step_0000_find_key.txt,0,0,find_key,1,toggle,0.809728,0.0
001273,308,off_track,308/off_track/off_track_step_0000_reach_goal.txt,off_track_step_0000_reach_goal.txt,0,0,reach_goal,3,left,0.895338,0.4
001273,308,off_track,308/off_track/off_track_step_0000_reach_goal.txt,off_track_step_0000_reach_goal.txt,0,0,reach_goal,3,right,0.895338,1.0
001273,308,off_track,308/off_track/off_track_step_0000_reach_goal.txt,off_track_step_0000_reach_goal.txt,0,0,reach_goal,3,forward,0.877521,0.0
001273,308,off_track,308/off_track/off_track_step_0000_reach_goal.txt,off_track_step_0000_reach_goal.txt,0,0,reach_goal,3,pickup,0.886385,0.0
001273,308,off_track,308/off_track/off_track_step_0000_reach_goal.txt,off_track_step_0000_reach_goal.txt,0,0,reach_goal,3,toggle,0.886385,0.0
001087,663,off_track,663/off_track/off_track_step_0000_open_door.txt,off_track_step_0000_open_door.txt,0,0,open_door,3,left,0.904382,0.4
001087,663,off_track,663/off_track/off_track_step_0000_open_door.txt,off_track_step_0000_open_door.txt,0,0,open_door,3,right,0.904382,0.3
001087,663,off_track,663/off_track/off_track_step_0000_open_door.txt,off_track_step_0000_open_door.txt,0,0,open_door,3,forward,0.922745,1.0
001087,663,off_track,663/off_track/off_track_step_0000_open_door.txt,off_track_step_0000_open_door.txt,0,0,open_door,3,pickup,0.913517,0.0
001087,663,off_track,663/off_track/off_track_step_0000_open_door.txt,off_track_step_0000_open_door.txt,0,0,open_door,3,toggle,0.913517,0.0
000505,614,intermediate,614/intermediate_step_0055_0057_reach_goal.txt,intermediate_step_0055_0057_reach_goal.txt,55,57,reach_goal,3,left,0.95099,0.3
000505,614,intermediate,614/intermediate_step_0055_0057_reach_goal.txt,intermediate_step_0055_0057_reach_goal.txt,55,57,reach_goal,3,right,0.95099,0.3
000505,614,intermediate,614/intermediate_step_0055_0057_reach_goal.txt,intermediate_step_0055_0057_reach_goal.txt,55,57,reach_goal,3,forward,0.970299,1.0
000505,614,intermediate,614/intermediate_step_0055_0057_reach_goal.txt,intermediate_step_0055_0057_reach_goal.txt,55,57,reach_goal,3,pickup,0.960596,0.0
000505,614,intermediate,614/intermediate_step_0055_0057_reach_goal.txt,intermediate_step_0055_0057_reach_goal.txt,55,57,reach_goal,3,toggle,0.960596,0.0
000589,466,worst,466/worst_step_0001_find_key.txt,worst_step_0001_find_key.txt,1,1,find_key,1,left,0.826169,0.5
000589,466,worst,466/worst_step_0001_find_key.txt,worst_step_0001_find_key.txt,1,1,find_key,1,right,0.826169,0.1
000589,466,worst,466/worst_step_0001_find_key.txt,worst_step_0001_find_key.txt,1,1,find_key,1,forward,0.809728,0.3
000589,466,worst,466/worst_step_0001_find_key.txt,worst_step_0001_find_key.txt,1,1,find_key,1,pickup,0.817907,0.0
000589,466,worst,466/worst_step_0001_find_key.txt,worst_step_0001_find_key.txt,1,1,find_key,1,toggle,0.817907,0.1
000283,106,off_track,106/off_track/off_track_step_0000_open_door.txt,off_track_step_0000_open_door.txt,0,0,open_door,3,left,0.932065,0.1
000283,106,off_track,106/off_track/off_track_step_0000_open_door.txt,off_track_step_0000_open_door.txt,0,0,open_door,3,right,0.922745,0.4
000283,106,off_track,106/off_track/off_track_step_0000_open_door.txt,off_track_step_0000_open_door.txt,0,0,open_door,3,forward,0.922745,0.1
000283,106,off_track,106/off_track/off_track_step_0000_open_door.txt,off_track_step_0000_open_door.txt,0,0,open_door,3,pickup,0.922745,0.0
000283,106,off_track,106/off_track/off_track_step_0000_open_door.txt,off_track_step_0000_open_door.txt,0,0,open_door,3,toggle,0.922745,0.4
001333,769,off_track,769/off_track/off_track_step_0000_reach_goal.txt,off_track_step_0000_reach_goal.txt,0,0,reach_goal,3,left,0.886385,0.0
001333,769,off_track,769/off_track/off_track_step_0000_reach_goal.txt,off_track_step_0000_reach_goal.txt,0,0,reach_goal,3,right,0.868746,0.8
001333,769,off_track,769/off_track/off_track_step_0000_reach_goal.txt,off_track_step_0000_reach_goal.txt,0,0,reach_goal,3,forward,0.886385,0.1
001333,769,off_track,769/off_track/off_track_step_0000_reach_goal.txt,off_track_step_0000_reach_goal.txt,0,0,reach_goal,3,pickup,0.877521,0.0
001333,769,off_track,769/off_track/off_track_step_0000_reach_goal.txt,off_track_step_0000_reach_goal.txt,0,0,reach_goal,3,toggle,0.877521,0.1
001195,661,intermediate,661/intermediate_step_0023_0025_reach_goal.txt,intermediate_step_0023_0025_reach_goal.txt,23,25,reach_goal,3,left,0.95099,0.4
001195,661,intermediate,661/intermediate_step_0023_0025_reach_goal.txt,intermediate_step_0023_0025_reach_goal.txt,23,25,reach_goal,3,right,0.960596,0.4
001195,661,intermediate,661/intermediate_step_0023_0025_reach_goal.txt,intermediate_step_0023_0025_reach_goal.txt,23,25,reach_goal,3,forward,0.970299,0.1
001195,661,intermediate,661/intermediate_step_0023_0025_reach_goal.txt,intermediate_step_0023_0025_reach_goal.txt,23,25,reach_goal,3,pickup,0.960596,0.0
001195,661,intermediate,661/intermediate_step_0023_0025_reach_goal.txt,intermediate_step_0023_0025_reach_goal.txt,23,25,reach_goal,3,toggle,0.960596,0.1
001177,661,transition,661/transition_step_0018_0020_open_door.txt,transition_step_0018_0020_open_door.txt,18,20,open_door,3,left,0.904382,0.45
001177,661,transition,661/transition_step_0018_0020_open_door.txt,transition_step_0018_0020_open_door.txt,18,20,open_door,3,right,0.904382,0.45
001177,661,transition,661/transition_step_0018_0020_open_door.txt,transition_step_0018_0020_open_door.txt,18,20,open_door,3,forward,0.913517,0.1
001177,661,transition,661/transition_step_0018_0020_open_door.txt,transition_step_0018_0020_open_door.txt,18,20,open_door,3,pickup,0.913517,0.05
001177,661,transition,661/transition_step_0018_0020_open_door.txt,transition_step_0018_0020_open_door.txt,18,20,open_door,3,toggle,0.922745,0.95
000307,71,intermediate,71/intermediate_step_0000_0000_find_key.txt,intermediate_step_0000_0000_find_key.txt,0,0,find_key,1,left,0.886385,0.5
000307,71,intermediate,71/intermediate_step_0000_0000_find_key.txt,intermediate_step_0000_0000_find_key.txt,0,0,find_key,1,right,0.886385,0.5
000307,71,intermediate,71/intermediate_step_0000_0000_find_key.txt,intermediate_step_0000_0000_find_key.txt,0,0,find_key,1,forward,0.877521,0.05
000307,71,intermediate,71/intermediate_step_0000_0000_find_key.txt,intermediate_step_0000_0000_find_key.txt,0,0,find_key,1,pickup,0.877521,0.05
000307,71,intermediate,71/intermediate_step_0000_0000_find_key.txt,intermediate_step_0000_0000_find_key.txt,0,0,find_key,1,toggle,0.877521,0.01
000859,87,off_track,87/off_track/off_track_step_0000_open_door.txt,off_track_step_0000_open_door.txt,0,0,open_door,3,left,0.94148,0.7
000859,87,off_track,87/off_track/off_track_step_0000_open_door.txt,off_track_step_0000_open_door.txt,0,0,open_door,3,right,0.932065,0.2
000859,87,off_track,87/off_track/off_track_step_0000_open_door.txt,off_track_step_0000_open_door.txt,0,0,open_door,3,forward,0.95099,0.85
000859,87,off_track,87/off_track/off_track_step_0000_open_door.txt,off_track_step_0000_open_door.txt,0,0,open_door,3,pickup,0.94148,0.05
000859,87,off_track,87/off_track/off_track_step_0000_open_door.txt,off_track_step_0000_open_door.txt,0,0,open_door,3,toggle,0.94148,0.01
000673,214,intermediate,214/intermediate_step_0045_0047_open_door.txt,intermediate_step_0045_0047_open_door.txt,45,47,open_door,3,left,0.895338,0.9
000673,214,intermediate,214/intermediate_step_0045_0047_open_door.txt,intermediate_step_0045_0047_open_door.txt,45,47,open_door,3,right,0.877521,0.2
000673,214,intermediate,214/intermediate_step_0045_0047_open_door.txt,intermediate_step_0045_0047_open_door.txt,45,47,open_door,3,forward,0.886385,0.05
000673,214,intermediate,214/intermediate_step_0045_0047_open_door.txt,intermediate_step_0045_0047_open_door.txt,45,47,open_door,3,pickup,0.886385,0.05
000673,214,intermediate,214/intermediate_step_0045_0047_open_door.txt,intermediate_step_0045_0047_open_door.txt,45,47,open_door,3,toggle,0.886385,0.01
000091,435,transition,435/transition_step_0022_0024_reach_goal.txt,transition_step_0022_0024_reach_goal.txt,22,24,reach_goal,3,left,0.9801,0.85
000091,435,transition,435/transition_step_0022_0024_reach_goal.txt,transition_step_0022_0024_reach_goal.txt,22,24,reach_goal,3,right,0.9801,0.85
000091,435,transition,435/transition_step_0022_0024_reach_goal.txt,transition_step_0022_0024_reach_goal.txt,22,24,reach_goal,3,forward,1.0,1.0
000091,435,transition,435/transition_step_0022_0024_reach_goal.txt,transition_step_0022_0024_reach_goal.txt,22,24,reach_goal,3,pickup,0.99,0.8
000091,435,transition,435/transition_step_0022_0024_reach_goal.txt,transition_step_0022_0024_reach_goal.txt,22,24,reach_goal,3,toggle,0.99,0.8
